"date","value","tt","year","EndOfYr","MidYr","DayOfYr","DayOfWk","season"
2020-03-01,1.025,1,2020,FALSE,FALSE,61,1,"2019-2020"
2020-03-02,1.0525,2,2020,FALSE,FALSE,62,2,"2019-2020"
2020-03-03,1.0375,3,2020,FALSE,FALSE,63,3,"2019-2020"
2020-03-04,1.0475,4,2020,FALSE,FALSE,64,4,"2019-2020"
2020-03-05,1.055,5,2020,FALSE,FALSE,65,5,"2019-2020"
2020-03-06,0.98,6,2020,FALSE,FALSE,66,6,"2019-2020"
2020-03-07,1.06,7,2020,FALSE,FALSE,67,7,"2019-2020"
2020-03-08,1.0375,8,2020,FALSE,FALSE,68,1,"2019-2020"
2020-03-09,1.0475,9,2020,FALSE,FALSE,69,2,"2019-2020"
2020-03-10,1.02,10,2020,FALSE,FALSE,70,3,"2019-2020"
2020-03-11,1.02,11,2020,FALSE,FALSE,71,4,"2019-2020"
2020-03-12,1.0375,12,2020,FALSE,FALSE,72,5,"2019-2020"
2020-03-13,0.9975,13,2020,FALSE,FALSE,73,6,"2019-2020"
2020-03-14,0.9875,14,2020,FALSE,FALSE,74,7,"2019-2020"
2020-03-15,0.925,15,2020,FALSE,FALSE,75,1,"2019-2020"
2020-03-16,0.87,16,2020,FALSE,FALSE,76,2,"2019-2020"
2020-03-17,0.7925,17,2020,FALSE,FALSE,77,3,"2019-2020"
2020-03-18,0.7575,18,2020,FALSE,FALSE,78,4,"2019-2020"
2020-03-19,0.69,19,2020,FALSE,FALSE,79,5,"2019-2020"
2020-03-20,0.71,20,2020,FALSE,FALSE,80,6,"2019-2020"
2020-03-21,0.7175,21,2020,FALSE,FALSE,81,7,"2019-2020"
2020-03-22,0.57,22,2020,FALSE,FALSE,82,1,"2019-2020"
2020-03-23,0.4075,23,2020,FALSE,FALSE,83,2,"2019-2020"
2020-03-24,0.5275,24,2020,FALSE,FALSE,84,3,"2019-2020"
2020-03-25,0.4725,25,2020,FALSE,FALSE,85,4,"2019-2020"
2020-03-26,0.5075,26,2020,FALSE,FALSE,86,5,"2019-2020"
2020-03-27,0.505,27,2020,FALSE,FALSE,87,6,"2019-2020"
2020-03-28,0.48,28,2020,FALSE,FALSE,88,7,"2019-2020"
2020-03-29,0.4625,29,2020,FALSE,FALSE,89,1,"2019-2020"
2020-03-30,0.4625,30,2020,FALSE,FALSE,90,2,"2019-2020"
2020-03-31,0.455,31,2020,FALSE,FALSE,91,3,"2019-2020"
2020-04-01,0.4825,32,2020,FALSE,FALSE,92,4,"2019-2020"
2020-04-02,0.47,33,2020,FALSE,FALSE,93,5,"2019-2020"
2020-04-03,0.45,34,2020,FALSE,FALSE,94,6,"2019-2020"
2020-04-04,0.5025,35,2020,FALSE,FALSE,95,7,"2019-2020"
2020-04-05,0.4775,36,2020,FALSE,FALSE,96,1,"2019-2020"
2020-04-06,0.4675,37,2020,FALSE,FALSE,97,2,"2019-2020"
2020-04-07,0.4675,38,2020,FALSE,FALSE,98,3,"2019-2020"
2020-04-08,0.4425,39,2020,FALSE,FALSE,99,4,"2019-2020"
2020-04-09,0.4,40,2020,FALSE,FALSE,100,5,"2019-2020"
2020-04-10,0.4025,41,2020,FALSE,FALSE,101,6,"2019-2020"
2020-04-11,0.5,42,2020,FALSE,FALSE,102,7,"2019-2020"
2020-04-12,0.43,43,2020,FALSE,FALSE,103,1,"2019-2020"
2020-04-13,0.35,44,2020,FALSE,FALSE,104,2,"2019-2020"
2020-04-14,0.47,45,2020,FALSE,FALSE,105,3,"2019-2020"
2020-04-15,0.445,46,2020,FALSE,FALSE,106,4,"2019-2020"
2020-04-16,0.4475,47,2020,FALSE,FALSE,107,5,"2019-2020"
2020-04-17,0.465,48,2020,FALSE,FALSE,108,6,"2019-2020"
2020-04-18,0.4825,49,2020,FALSE,FALSE,109,7,"2019-2020"
2020-04-19,0.5075,50,2020,FALSE,FALSE,110,1,"2019-2020"
2020-04-20,0.47,51,2020,FALSE,FALSE,111,2,"2019-2020"
2020-04-21,0.4325,52,2020,FALSE,FALSE,112,3,"2019-2020"
2020-04-22,0.4775,53,2020,FALSE,FALSE,113,4,"2019-2020"
2020-04-23,0.475,54,2020,FALSE,FALSE,114,5,"2019-2020"
2020-04-24,0.4325,55,2020,FALSE,FALSE,115,6,"2019-2020"
2020-04-25,0.5675,56,2020,FALSE,FALSE,116,7,"2019-2020"
2020-04-26,0.445,57,2020,FALSE,FALSE,117,1,"2019-2020"
2020-04-27,0.47,58,2020,FALSE,FALSE,118,2,"2019-2020"
2020-04-28,0.52,59,2020,FALSE,FALSE,119,3,"2019-2020"
2020-04-29,0.4775,60,2020,FALSE,FALSE,120,4,"2019-2020"
2020-04-30,0.465,61,2020,FALSE,FALSE,121,5,"2019-2020"
2020-05-01,0.505,62,2020,FALSE,FALSE,122,6,"2019-2020"
2020-05-02,0.615,63,2020,FALSE,FALSE,123,7,"2019-2020"
2020-05-03,0.565,64,2020,FALSE,FALSE,124,1,"2019-2020"
2020-05-04,0.525,65,2020,FALSE,FALSE,125,2,"2019-2020"
2020-05-05,0.5425,66,2020,FALSE,FALSE,126,3,"2019-2020"
2020-05-06,0.49,67,2020,FALSE,FALSE,127,4,"2019-2020"
2020-05-07,0.555,68,2020,FALSE,FALSE,128,5,"2019-2020"
2020-05-08,0.5075,69,2020,FALSE,FALSE,129,6,"2019-2020"
2020-05-09,0.5875,70,2020,FALSE,FALSE,130,7,"2019-2020"
2020-05-10,0.5975,71,2020,FALSE,FALSE,131,1,"2019-2020"
2020-05-11,0.4975,72,2020,FALSE,FALSE,132,2,"2019-2020"
2020-05-12,0.5475,73,2020,FALSE,FALSE,133,3,"2019-2020"
2020-05-13,0.5525,74,2020,FALSE,FALSE,134,4,"2019-2020"
2020-05-14,0.56,75,2020,FALSE,FALSE,135,5,"2019-2020"
2020-05-15,0.5675,76,2020,FALSE,FALSE,136,6,"2019-2020"
2020-05-16,0.635,77,2020,FALSE,FALSE,137,7,"2019-2020"
2020-05-17,0.6025,78,2020,FALSE,FALSE,138,1,"2019-2020"
2020-05-18,0.5575,79,2020,FALSE,FALSE,139,2,"2019-2020"
2020-05-19,0.575,80,2020,FALSE,FALSE,140,3,"2019-2020"
2020-05-20,0.5775,81,2020,FALSE,FALSE,141,4,"2019-2020"
2020-05-21,0.595,82,2020,FALSE,FALSE,142,5,"2019-2020"
2020-05-22,0.58,83,2020,FALSE,FALSE,143,6,"2019-2020"
2020-05-23,0.58,84,2020,FALSE,FALSE,144,7,"2019-2020"
2020-05-24,0.645,85,2020,FALSE,FALSE,145,1,"2019-2020"
2020-05-25,0.4825,86,2020,FALSE,FALSE,146,2,"2019-2020"
2020-05-26,0.6,87,2020,FALSE,FALSE,147,3,"2019-2020"
2020-05-27,0.605,88,2020,FALSE,FALSE,148,4,"2019-2020"
2020-05-28,0.595,89,2020,FALSE,FALSE,149,5,"2019-2020"
2020-05-29,0.585,90,2020,FALSE,FALSE,150,6,"2019-2020"
2020-05-30,0.6975,91,2020,FALSE,FALSE,151,7,"2019-2020"
2020-05-31,0.675,92,2020,FALSE,FALSE,152,1,"2019-2020"
2020-06-01,0.6125,93,2020,FALSE,FALSE,153,2,"2019-2020"
2020-06-02,0.59,94,2020,FALSE,FALSE,154,3,"2019-2020"
2020-06-03,0.5775,95,2020,FALSE,FALSE,155,4,"2019-2020"
2020-06-04,0.62,96,2020,FALSE,FALSE,156,5,"2019-2020"
2020-06-05,0.5825,97,2020,FALSE,FALSE,157,6,"2019-2020"
2020-06-06,0.7,98,2020,FALSE,FALSE,158,7,"2019-2020"
2020-06-07,0.7025,99,2020,FALSE,FALSE,159,1,"2019-2020"
2020-06-08,0.64,100,2020,FALSE,FALSE,160,2,"2019-2020"
2020-06-09,0.645,101,2020,FALSE,FALSE,161,3,"2019-2020"
2020-06-10,0.65,102,2020,FALSE,FALSE,162,4,"2019-2020"
2020-06-11,0.61,103,2020,FALSE,FALSE,163,5,"2019-2020"
2020-06-12,0.655,104,2020,FALSE,FALSE,164,6,"2019-2020"
2020-06-13,0.7525,105,2020,FALSE,FALSE,165,7,"2019-2020"
2020-06-14,0.7175,106,2020,FALSE,FALSE,166,1,"2019-2020"
2020-06-15,0.645,107,2020,FALSE,FALSE,167,2,"2019-2020"
2020-06-16,0.6725,108,2020,FALSE,FALSE,168,3,"2019-2020"
2020-06-17,0.6525,109,2020,FALSE,FALSE,169,4,"2019-2020"
2020-06-18,0.66,110,2020,FALSE,FALSE,170,5,"2019-2020"
2020-06-19,0.6675,111,2020,FALSE,FALSE,171,6,"2019-2020"
2020-06-20,0.7625,112,2020,FALSE,FALSE,172,7,"2019-2020"
2020-06-21,0.725,113,2020,FALSE,FALSE,173,1,"2019-2020"
2020-06-22,0.66,114,2020,FALSE,FALSE,174,2,"2019-2020"
2020-06-23,0.7,115,2020,FALSE,FALSE,175,3,"2019-2020"
2020-06-24,0.685,116,2020,FALSE,FALSE,176,4,"2019-2020"
2020-06-25,0.7,117,2020,FALSE,FALSE,177,5,"2019-2020"
2020-06-26,0.69,118,2020,FALSE,FALSE,178,6,"2019-2020"
2020-06-27,0.7325,119,2020,FALSE,FALSE,179,7,"2019-2020"
2020-06-28,0.745,120,2020,FALSE,FALSE,180,1,"2019-2020"
2020-06-29,0.6975,121,2020,FALSE,FALSE,181,2,"2019-2020"
2020-06-30,0.705,122,2020,FALSE,TRUE,182,3,"2019-2020"
2020-07-01,0.6975,123,2020,FALSE,FALSE,183,4,"2020-2021"
2020-07-02,0.755,124,2020,FALSE,FALSE,184,5,"2020-2021"
2020-07-03,0.6775,125,2020,FALSE,FALSE,185,6,"2020-2021"
2020-07-04,0.69,126,2020,FALSE,FALSE,186,7,"2020-2021"
2020-07-05,0.705,127,2020,FALSE,FALSE,187,1,"2020-2021"
2020-07-06,0.6525,128,2020,FALSE,FALSE,188,2,"2020-2021"
2020-07-07,0.7175,129,2020,FALSE,FALSE,189,3,"2020-2021"
2020-07-08,0.6975,130,2020,FALSE,FALSE,190,4,"2020-2021"
2020-07-09,0.7275,131,2020,FALSE,FALSE,191,5,"2020-2021"
2020-07-10,0.575,132,2020,FALSE,FALSE,192,6,"2020-2021"
2020-07-11,0.7875,133,2020,FALSE,FALSE,193,7,"2020-2021"
2020-07-12,0.775,134,2020,FALSE,FALSE,194,1,"2020-2021"
2020-07-13,0.715,135,2020,FALSE,FALSE,195,2,"2020-2021"
2020-07-14,0.7275,136,2020,FALSE,FALSE,196,3,"2020-2021"
2020-07-15,0.725,137,2020,FALSE,FALSE,197,4,"2020-2021"
2020-07-16,0.7325,138,2020,FALSE,FALSE,198,5,"2020-2021"
2020-07-17,0.6925,139,2020,FALSE,FALSE,199,6,"2020-2021"
2020-07-18,0.7875,140,2020,FALSE,FALSE,200,7,"2020-2021"
2020-07-19,0.7425,141,2020,FALSE,FALSE,201,1,"2020-2021"
2020-07-20,0.6775,142,2020,FALSE,FALSE,202,2,"2020-2021"
2020-07-21,0.7125,143,2020,FALSE,FALSE,203,3,"2020-2021"
2020-07-22,0.6825,144,2020,FALSE,FALSE,204,4,"2020-2021"
2020-07-23,0.715,145,2020,FALSE,FALSE,205,5,"2020-2021"
2020-07-24,0.675,146,2020,FALSE,FALSE,206,6,"2020-2021"
2020-07-25,0.8025,147,2020,FALSE,FALSE,207,7,"2020-2021"
2020-07-26,0.755,148,2020,FALSE,FALSE,208,1,"2020-2021"
2020-07-27,0.6925,149,2020,FALSE,FALSE,209,2,"2020-2021"
2020-07-28,0.705,150,2020,FALSE,FALSE,210,3,"2020-2021"
2020-07-29,0.71,151,2020,FALSE,FALSE,211,4,"2020-2021"
2020-07-30,0.71,152,2020,FALSE,FALSE,212,5,"2020-2021"
2020-07-31,0.6975,153,2020,FALSE,FALSE,213,6,"2020-2021"
2020-08-01,0.805,154,2020,FALSE,FALSE,214,7,"2020-2021"
2020-08-02,0.745,155,2020,FALSE,FALSE,215,1,"2020-2021"
2020-08-03,0.7275,156,2020,FALSE,FALSE,216,2,"2020-2021"
2020-08-04,0.605,157,2020,FALSE,FALSE,217,3,"2020-2021"
2020-08-05,0.7425,158,2020,FALSE,FALSE,218,4,"2020-2021"
2020-08-06,0.7375,159,2020,FALSE,FALSE,219,5,"2020-2021"
2020-08-07,0.685,160,2020,FALSE,FALSE,220,6,"2020-2021"
2020-08-08,0.7975,161,2020,FALSE,FALSE,221,7,"2020-2021"
2020-08-09,0.7725,162,2020,FALSE,FALSE,222,1,"2020-2021"
2020-08-10,0.7075,163,2020,FALSE,FALSE,223,2,"2020-2021"
2020-08-11,0.7175,164,2020,FALSE,FALSE,224,3,"2020-2021"
2020-08-12,0.6975,165,2020,FALSE,FALSE,225,4,"2020-2021"
2020-08-13,0.6925,166,2020,FALSE,FALSE,226,5,"2020-2021"
2020-08-14,0.71,167,2020,FALSE,FALSE,227,6,"2020-2021"
2020-08-15,0.7825,168,2020,FALSE,FALSE,228,7,"2020-2021"
2020-08-16,0.6775,169,2020,FALSE,FALSE,229,1,"2020-2021"
2020-08-17,0.6975,170,2020,FALSE,FALSE,230,2,"2020-2021"
2020-08-18,0.7175,171,2020,FALSE,FALSE,231,3,"2020-2021"
2020-08-19,0.6825,172,2020,FALSE,FALSE,232,4,"2020-2021"
2020-08-20,0.7325,173,2020,FALSE,FALSE,233,5,"2020-2021"
2020-08-21,0.7125,174,2020,FALSE,FALSE,234,6,"2020-2021"
2020-08-22,0.78,175,2020,FALSE,FALSE,235,7,"2020-2021"
2020-08-23,0.7575,176,2020,FALSE,FALSE,236,1,"2020-2021"
2020-08-24,0.6975,177,2020,FALSE,FALSE,237,2,"2020-2021"
2020-08-25,0.7075,178,2020,FALSE,FALSE,238,3,"2020-2021"
2020-08-26,0.7275,179,2020,FALSE,FALSE,239,4,"2020-2021"
2020-08-27,0.705,180,2020,FALSE,FALSE,240,5,"2020-2021"
2020-08-28,0.705,181,2020,FALSE,FALSE,241,6,"2020-2021"
2020-08-29,0.745,182,2020,FALSE,FALSE,242,7,"2020-2021"
2020-08-30,0.79,183,2020,FALSE,FALSE,243,1,"2020-2021"
2020-08-31,0.7025,184,2020,FALSE,FALSE,244,2,"2020-2021"
2020-09-01,0.7325,185,2020,FALSE,FALSE,245,3,"2020-2021"
2020-09-02,0.7125,186,2020,FALSE,FALSE,246,4,"2020-2021"
2020-09-03,0.7375,187,2020,FALSE,FALSE,247,5,"2020-2021"
2020-09-04,0.7425,188,2020,FALSE,FALSE,248,6,"2020-2021"
2020-09-05,0.805,189,2020,FALSE,FALSE,249,7,"2020-2021"
2020-09-06,0.7875,190,2020,FALSE,FALSE,250,1,"2020-2021"
2020-09-07,0.5825,191,2020,FALSE,FALSE,251,2,"2020-2021"
2020-09-08,0.7275,192,2020,FALSE,FALSE,252,3,"2020-2021"
2020-09-09,0.7325,193,2020,FALSE,FALSE,253,4,"2020-2021"
2020-09-10,0.7025,194,2020,FALSE,FALSE,254,5,"2020-2021"
2020-09-11,0.74,195,2020,FALSE,FALSE,255,6,"2020-2021"
2020-09-12,0.82,196,2020,FALSE,FALSE,256,7,"2020-2021"
2020-09-13,0.7925,197,2020,FALSE,FALSE,257,1,"2020-2021"
2020-09-14,0.735,198,2020,FALSE,FALSE,258,2,"2020-2021"
2020-09-15,0.7575,199,2020,FALSE,FALSE,259,3,"2020-2021"
2020-09-16,0.735,200,2020,FALSE,FALSE,260,4,"2020-2021"
2020-09-17,0.735,201,2020,FALSE,FALSE,261,5,"2020-2021"
2020-09-18,0.7375,202,2020,FALSE,FALSE,262,6,"2020-2021"
2020-09-19,0.8125,203,2020,FALSE,FALSE,263,7,"2020-2021"
2020-09-20,0.7775,204,2020,FALSE,FALSE,264,1,"2020-2021"
2020-09-21,0.72,205,2020,FALSE,FALSE,265,2,"2020-2021"
2020-09-22,0.735,206,2020,FALSE,FALSE,266,3,"2020-2021"
2020-09-23,0.7375,207,2020,FALSE,FALSE,267,4,"2020-2021"
2020-09-24,0.74,208,2020,FALSE,FALSE,268,5,"2020-2021"
2020-09-25,0.7375,209,2020,FALSE,FALSE,269,6,"2020-2021"
2020-09-26,0.8075,210,2020,FALSE,FALSE,270,7,"2020-2021"
2020-09-27,0.7775,211,2020,FALSE,FALSE,271,1,"2020-2021"
2020-09-28,0.695,212,2020,FALSE,FALSE,272,2,"2020-2021"
2020-09-29,0.7,213,2020,FALSE,FALSE,273,3,"2020-2021"
2020-09-30,0.7425,214,2020,FALSE,FALSE,274,4,"2020-2021"
2020-10-01,0.7725,215,2020,FALSE,FALSE,275,5,"2020-2021"
2020-10-02,0.745,216,2020,FALSE,FALSE,276,6,"2020-2021"
2020-10-03,0.83,217,2020,FALSE,FALSE,277,7,"2020-2021"
2020-10-04,0.785,218,2020,FALSE,FALSE,278,1,"2020-2021"
2020-10-05,0.73,219,2020,FALSE,FALSE,279,2,"2020-2021"
2020-10-06,0.745,220,2020,FALSE,FALSE,280,3,"2020-2021"
2020-10-07,0.7175,221,2020,FALSE,FALSE,281,4,"2020-2021"
2020-10-08,0.74,222,2020,FALSE,FALSE,282,5,"2020-2021"
2020-10-09,0.7325,223,2020,FALSE,FALSE,283,6,"2020-2021"
2020-10-10,0.8025,224,2020,FALSE,FALSE,284,7,"2020-2021"
2020-10-11,0.755,225,2020,FALSE,FALSE,285,1,"2020-2021"
2020-10-12,0.57,226,2020,FALSE,FALSE,286,2,"2020-2021"
2020-10-13,0.7025,227,2020,FALSE,FALSE,287,3,"2020-2021"
2020-10-14,0.7525,228,2020,FALSE,FALSE,288,4,"2020-2021"
2020-10-15,0.76,229,2020,FALSE,FALSE,289,5,"2020-2021"
2020-10-16,0.645,230,2020,FALSE,FALSE,290,6,"2020-2021"
2020-10-17,0.83,231,2020,FALSE,FALSE,291,7,"2020-2021"
2020-10-18,0.78,232,2020,FALSE,FALSE,292,1,"2020-2021"
2020-10-19,0.7275,233,2020,FALSE,FALSE,293,2,"2020-2021"
2020-10-20,0.73,234,2020,FALSE,FALSE,294,3,"2020-2021"
2020-10-21,0.735,235,2020,FALSE,FALSE,295,4,"2020-2021"
2020-10-22,0.7425,236,2020,FALSE,FALSE,296,5,"2020-2021"
2020-10-23,0.7425,237,2020,FALSE,FALSE,297,6,"2020-2021"
2020-10-24,0.8175,238,2020,FALSE,FALSE,298,7,"2020-2021"
2020-10-25,0.78,239,2020,FALSE,FALSE,299,1,"2020-2021"
2020-10-26,0.7,240,2020,FALSE,FALSE,300,2,"2020-2021"
2020-10-27,0.7575,241,2020,FALSE,FALSE,301,3,"2020-2021"
2020-10-28,0.7225,242,2020,FALSE,FALSE,302,4,"2020-2021"
2020-10-29,0.64,243,2020,FALSE,FALSE,303,5,"2020-2021"
2020-10-30,0.71,244,2020,FALSE,FALSE,304,6,"2020-2021"
2020-10-31,0.83,245,2020,FALSE,FALSE,305,7,"2020-2021"
2020-11-01,0.725,246,2020,FALSE,FALSE,306,1,"2020-2021"
2020-11-02,0.715,247,2020,FALSE,FALSE,307,2,"2020-2021"
2020-11-03,0.735,248,2020,FALSE,FALSE,308,3,"2020-2021"
2020-11-04,0.7125,249,2020,FALSE,FALSE,309,4,"2020-2021"
2020-11-05,0.7375,250,2020,FALSE,FALSE,310,5,"2020-2021"
2020-11-06,0.735,251,2020,FALSE,FALSE,311,6,"2020-2021"
2020-11-07,0.8225,252,2020,FALSE,FALSE,312,7,"2020-2021"
2020-11-08,0.7975,253,2020,FALSE,FALSE,313,1,"2020-2021"
2020-11-09,0.7275,254,2020,FALSE,FALSE,314,2,"2020-2021"
2020-11-10,0.7525,255,2020,FALSE,FALSE,315,3,"2020-2021"
2020-11-11,0.6575,256,2020,FALSE,FALSE,316,4,"2020-2021"
2020-11-12,0.695,257,2020,FALSE,FALSE,317,5,"2020-2021"
2020-11-13,0.705,258,2020,FALSE,FALSE,318,6,"2020-2021"
2020-11-14,0.81,259,2020,FALSE,FALSE,319,7,"2020-2021"
2020-11-15,0.75,260,2020,FALSE,FALSE,320,1,"2020-2021"
2020-11-16,0.7125,261,2020,FALSE,FALSE,321,2,"2020-2021"
2020-11-17,0.7125,262,2020,FALSE,FALSE,322,3,"2020-2021"
2020-11-18,0.695,263,2020,FALSE,FALSE,323,4,"2020-2021"
2020-11-19,0.71,264,2020,FALSE,FALSE,324,5,"2020-2021"
2020-11-20,0.725,265,2020,FALSE,FALSE,325,6,"2020-2021"
2020-11-21,0.81,266,2020,FALSE,FALSE,326,7,"2020-2021"
2020-11-22,0.77,267,2020,FALSE,FALSE,327,1,"2020-2021"
2020-11-23,0.7,268,2020,FALSE,FALSE,328,2,"2020-2021"
2020-11-24,0.7625,269,2020,FALSE,FALSE,329,3,"2020-2021"
2020-11-25,0.815,270,2020,FALSE,FALSE,330,4,"2020-2021"
2020-11-26,0.455,271,2020,FALSE,FALSE,331,5,"2020-2021"
2020-11-27,0.595,272,2020,FALSE,FALSE,332,6,"2020-2021"
2020-11-28,0.7325,273,2020,FALSE,FALSE,333,7,"2020-2021"
2020-11-29,0.7475,274,2020,FALSE,FALSE,334,1,"2020-2021"
2020-11-30,0.6,275,2020,FALSE,FALSE,335,2,"2020-2021"
2020-12-01,0.7225,276,2020,FALSE,FALSE,336,3,"2020-2021"
2020-12-02,0.7,277,2020,FALSE,FALSE,337,4,"2020-2021"
2020-12-03,0.7175,278,2020,FALSE,FALSE,338,5,"2020-2021"
2020-12-04,0.6875,279,2020,FALSE,FALSE,339,6,"2020-2021"
2020-12-05,0.7125,280,2020,FALSE,FALSE,340,7,"2020-2021"
2020-12-06,0.755,281,2020,FALSE,FALSE,341,1,"2020-2021"
2020-12-07,0.695,282,2020,FALSE,FALSE,342,2,"2020-2021"
2020-12-08,0.69,283,2020,FALSE,FALSE,343,3,"2020-2021"
2020-12-09,0.6775,284,2020,FALSE,FALSE,344,4,"2020-2021"
2020-12-10,0.715,285,2020,FALSE,FALSE,345,5,"2020-2021"
2020-12-11,0.715,286,2020,FALSE,FALSE,346,6,"2020-2021"
2020-12-12,0.77,287,2020,FALSE,FALSE,347,7,"2020-2021"
2020-12-13,0.775,288,2020,FALSE,FALSE,348,1,"2020-2021"
2020-12-14,0.6425,289,2020,FALSE,FALSE,349,2,"2020-2021"
2020-12-15,0.7525,290,2020,FALSE,FALSE,350,3,"2020-2021"
2020-12-16,0.6625,291,2020,FALSE,FALSE,351,4,"2020-2021"
2020-12-17,0.43,292,2020,FALSE,FALSE,352,5,"2020-2021"
2020-12-18,0.63,293,2020,FALSE,FALSE,353,6,"2020-2021"
2020-12-19,0.7375,294,2020,FALSE,FALSE,354,7,"2020-2021"
2020-12-20,0.7275,295,2020,FALSE,FALSE,355,1,"2020-2021"
2020-12-21,0.715,296,2020,FALSE,FALSE,356,2,"2020-2021"
2020-12-22,0.75,297,2020,FALSE,FALSE,357,3,"2020-2021"
2020-12-23,0.7925,298,2020,FALSE,FALSE,358,4,"2020-2021"
2020-12-24,0.765,299,2020,FALSE,FALSE,359,5,"2020-2021"
2020-12-25,0.3,300,2020,FALSE,FALSE,360,6,"2020-2021"
2020-12-26,0.645,301,2020,FALSE,FALSE,361,7,"2020-2021"
2020-12-27,0.68,302,2020,FALSE,FALSE,362,1,"2020-2021"
2020-12-28,0.665,303,2020,FALSE,FALSE,363,2,"2020-2021"
2020-12-29,0.6775,304,2020,FALSE,FALSE,364,3,"2020-2021"
2020-12-30,0.7125,305,2020,FALSE,FALSE,365,4,"2020-2021"
2020-12-31,0.7125,306,2020,TRUE,FALSE,366,5,"2020-2021"
2021-01-01,0.3625,307,2021,FALSE,FALSE,1,6,"2020-2021"
2021-01-02,0.7025,308,2021,FALSE,FALSE,2,7,"2020-2021"
2021-01-03,0.62,309,2021,FALSE,FALSE,3,1,"2020-2021"
2021-01-04,0.6725,310,2021,FALSE,FALSE,4,2,"2020-2021"
2021-01-05,0.68,311,2021,FALSE,FALSE,5,3,"2020-2021"
2021-01-06,0.6625,312,2021,FALSE,FALSE,6,4,"2020-2021"
2021-01-07,0.6625,313,2021,FALSE,FALSE,7,5,"2020-2021"
2021-01-08,0.6525,314,2021,FALSE,FALSE,8,6,"2020-2021"
2021-01-09,0.7125,315,2021,FALSE,FALSE,9,7,"2020-2021"
2021-01-10,0.7,316,2021,FALSE,FALSE,10,1,"2020-2021"
2021-01-11,0.6425,317,2021,FALSE,FALSE,11,2,"2020-2021"
2021-01-12,0.6725,318,2021,FALSE,FALSE,12,3,"2020-2021"
2021-01-13,0.6525,319,2021,FALSE,FALSE,13,4,"2020-2021"
2021-01-14,0.655,320,2021,FALSE,FALSE,14,5,"2020-2021"
2021-01-15,0.6325,321,2021,FALSE,FALSE,15,6,"2020-2021"
2021-01-16,0.685,322,2021,FALSE,FALSE,16,7,"2020-2021"
2021-01-17,0.67,323,2021,FALSE,FALSE,17,1,"2020-2021"
2021-01-18,0.595,324,2021,FALSE,FALSE,18,2,"2020-2021"
2021-01-19,0.6475,325,2021,FALSE,FALSE,19,3,"2020-2021"
2021-01-20,0.615,326,2021,FALSE,FALSE,20,4,"2020-2021"
2021-01-21,0.6475,327,2021,FALSE,FALSE,21,5,"2020-2021"
2021-01-22,0.6525,328,2021,FALSE,FALSE,22,6,"2020-2021"
2021-01-23,0.6675,329,2021,FALSE,FALSE,23,7,"2020-2021"
2021-01-24,0.645,330,2021,FALSE,FALSE,24,1,"2020-2021"
2021-01-25,0.6325,331,2021,FALSE,FALSE,25,2,"2020-2021"
2021-01-26,0.595,332,2021,FALSE,FALSE,26,3,"2020-2021"
2021-01-27,0.6375,333,2021,FALSE,FALSE,27,4,"2020-2021"
2021-01-28,0.6375,334,2021,FALSE,FALSE,28,5,"2020-2021"
2021-01-29,0.585,335,2021,FALSE,FALSE,29,6,"2020-2021"
2021-01-30,0.685,336,2021,FALSE,FALSE,30,7,"2020-2021"
2021-01-31,0.72,337,2021,FALSE,FALSE,31,1,"2020-2021"
2021-02-01,0.2475,338,2021,FALSE,FALSE,32,2,"2020-2021"
2021-02-02,0.445,339,2021,FALSE,FALSE,33,3,"2020-2021"
2021-02-03,0.6125,340,2021,FALSE,FALSE,34,4,"2020-2021"
2021-02-04,0.67,341,2021,FALSE,FALSE,35,5,"2020-2021"
2021-02-05,0.6525,342,2021,FALSE,FALSE,36,6,"2020-2021"
2021-02-06,0.755,343,2021,FALSE,FALSE,37,7,"2020-2021"
2021-02-07,0.545,344,2021,FALSE,FALSE,38,1,"2020-2021"
2021-02-08,0.62,345,2021,FALSE,FALSE,39,2,"2020-2021"
2021-02-09,0.6375,346,2021,FALSE,FALSE,40,3,"2020-2021"
2021-02-10,0.665,347,2021,FALSE,FALSE,41,4,"2020-2021"
2021-02-11,0.65,348,2021,FALSE,FALSE,42,5,"2020-2021"
2021-02-12,0.65,349,2021,FALSE,FALSE,43,6,"2020-2021"
2021-02-13,0.72,350,2021,FALSE,FALSE,44,7,"2020-2021"
2021-02-14,0.7025,351,2021,FALSE,FALSE,45,1,"2020-2021"
2021-02-15,0.58,352,2021,FALSE,FALSE,46,2,"2020-2021"
2021-02-16,0.6475,353,2021,FALSE,FALSE,47,3,"2020-2021"
2021-02-17,0.685,354,2021,FALSE,FALSE,48,4,"2020-2021"
2021-02-18,0.49,355,2021,FALSE,FALSE,49,5,"2020-2021"
2021-02-19,0.5725,356,2021,FALSE,FALSE,50,6,"2020-2021"
2021-02-20,0.7125,357,2021,FALSE,FALSE,51,7,"2020-2021"
2021-02-21,0.705,358,2021,FALSE,FALSE,52,1,"2020-2021"
2021-02-22,0.605,359,2021,FALSE,FALSE,53,2,"2020-2021"
2021-02-23,0.6825,360,2021,FALSE,FALSE,54,3,"2020-2021"
2021-02-24,0.71,361,2021,FALSE,FALSE,55,4,"2020-2021"
2021-02-25,0.695,362,2021,FALSE,FALSE,56,5,"2020-2021"
2021-02-26,0.69,363,2021,FALSE,FALSE,57,6,"2020-2021"
2021-02-27,0.7075,364,2021,FALSE,FALSE,58,7,"2020-2021"
2021-02-28,0.6825,365,2021,FALSE,FALSE,59,1,"2020-2021"
2021-03-01,0.67,366,2021,FALSE,FALSE,60,2,"2020-2021"
2021-03-02,0.67,367,2021,FALSE,FALSE,61,3,"2020-2021"
2021-03-03,0.7125,368,2021,FALSE,FALSE,62,4,"2020-2021"
2021-03-04,0.6925,369,2021,FALSE,FALSE,63,5,"2020-2021"
2021-03-05,0.6825,370,2021,FALSE,FALSE,64,6,"2020-2021"
2021-03-06,0.735,371,2021,FALSE,FALSE,65,7,"2020-2021"
2021-03-07,0.73,372,2021,FALSE,FALSE,66,1,"2020-2021"
2021-03-08,0.6825,373,2021,FALSE,FALSE,67,2,"2020-2021"
2021-03-09,0.7275,374,2021,FALSE,FALSE,68,3,"2020-2021"
2021-03-10,0.71,375,2021,FALSE,FALSE,69,4,"2020-2021"
2021-03-11,0.73,376,2021,FALSE,FALSE,70,5,"2020-2021"
2021-03-12,0.715,377,2021,FALSE,FALSE,71,6,"2020-2021"
2021-03-13,0.765,378,2021,FALSE,FALSE,72,7,"2020-2021"
2021-03-14,0.7325,379,2021,FALSE,FALSE,73,1,"2020-2021"
2021-03-15,0.67,380,2021,FALSE,FALSE,74,2,"2020-2021"
2021-03-16,0.69,381,2021,FALSE,FALSE,75,3,"2020-2021"
2021-03-17,0.7175,382,2021,FALSE,FALSE,76,4,"2020-2021"
2021-03-18,0.655,383,2021,FALSE,FALSE,77,5,"2020-2021"
2021-03-19,0.7075,384,2021,FALSE,FALSE,78,6,"2020-2021"
2021-03-20,0.795,385,2021,FALSE,FALSE,79,7,"2020-2021"
2021-03-21,0.7925,386,2021,FALSE,FALSE,80,1,"2020-2021"
2021-03-22,0.725,387,2021,FALSE,FALSE,81,2,"2020-2021"
2021-03-23,0.7325,388,2021,FALSE,FALSE,82,3,"2020-2021"
2021-03-24,0.67,389,2021,FALSE,FALSE,83,4,"2020-2021"
2021-03-25,0.7425,390,2021,FALSE,FALSE,84,5,"2020-2021"
2021-03-26,0.7275,391,2021,FALSE,FALSE,85,6,"2020-2021"
2021-03-27,0.7925,392,2021,FALSE,FALSE,86,7,"2020-2021"
2021-03-28,0.6625,393,2021,FALSE,FALSE,87,1,"2020-2021"
2021-03-29,0.695,394,2021,FALSE,FALSE,88,2,"2020-2021"
2021-03-30,0.7325,395,2021,FALSE,FALSE,89,3,"2020-2021"
2021-03-31,0.695,396,2021,FALSE,FALSE,90,4,"2020-2021"
2021-04-01,0.7125,397,2021,FALSE,FALSE,91,5,"2020-2021"
2021-04-02,0.67,398,2021,FALSE,FALSE,92,6,"2020-2021"
2021-04-03,0.785,399,2021,FALSE,FALSE,93,7,"2020-2021"
2021-04-04,0.6975,400,2021,FALSE,FALSE,94,1,"2020-2021"
2021-04-05,0.7225,401,2021,FALSE,FALSE,95,2,"2020-2021"
2021-04-06,0.7525,402,2021,FALSE,FALSE,96,3,"2020-2021"
2021-04-07,0.7425,403,2021,FALSE,FALSE,97,4,"2020-2021"
2021-04-08,0.7575,404,2021,FALSE,FALSE,98,5,"2020-2021"
2021-04-09,0.7225,405,2021,FALSE,FALSE,99,6,"2020-2021"
2021-04-10,0.7925,406,2021,FALSE,FALSE,100,7,"2020-2021"
2021-04-11,0.6725,407,2021,FALSE,FALSE,101,1,"2020-2021"
2021-04-12,0.68,408,2021,FALSE,FALSE,102,2,"2020-2021"
2021-04-13,0.7625,409,2021,FALSE,FALSE,103,3,"2020-2021"
2021-04-14,0.7425,410,2021,FALSE,FALSE,104,4,"2020-2021"
2021-04-15,0.66,411,2021,FALSE,FALSE,105,5,"2020-2021"
2021-04-16,0.72,412,2021,FALSE,FALSE,106,6,"2020-2021"
2021-04-17,0.79,413,2021,FALSE,FALSE,107,7,"2020-2021"
2021-04-18,0.78,414,2021,FALSE,FALSE,108,1,"2020-2021"
2021-04-19,0.7325,415,2021,FALSE,FALSE,109,2,"2020-2021"
2021-04-20,0.77,416,2021,FALSE,FALSE,110,3,"2020-2021"
2021-04-21,0.7025,417,2021,FALSE,FALSE,111,4,"2020-2021"
2021-04-22,0.725,418,2021,FALSE,FALSE,112,5,"2020-2021"
2021-04-23,0.7375,419,2021,FALSE,FALSE,113,6,"2020-2021"
2021-04-24,0.8125,420,2021,FALSE,FALSE,114,7,"2020-2021"
2021-04-25,0.73,421,2021,FALSE,FALSE,115,1,"2020-2021"
2021-04-26,0.7375,422,2021,FALSE,FALSE,116,2,"2020-2021"
2021-04-27,0.755,423,2021,FALSE,FALSE,117,3,"2020-2021"
2021-04-28,0.7675,424,2021,FALSE,FALSE,118,4,"2020-2021"
2021-04-29,0.735,425,2021,FALSE,FALSE,119,5,"2020-2021"
2021-04-30,0.7475,426,2021,FALSE,FALSE,120,6,"2020-2021"
2021-05-01,0.825,427,2021,FALSE,FALSE,121,7,"2020-2021"
2021-05-02,0.805,428,2021,FALSE,FALSE,122,1,"2020-2021"
2021-05-03,0.7275,429,2021,FALSE,FALSE,123,2,"2020-2021"
2021-05-04,0.78,430,2021,FALSE,FALSE,124,3,"2020-2021"
2021-05-05,0.71,431,2021,FALSE,FALSE,125,4,"2020-2021"
2021-05-06,0.7875,432,2021,FALSE,FALSE,126,5,"2020-2021"
2021-05-07,0.7675,433,2021,FALSE,FALSE,127,6,"2020-2021"
2021-05-08,0.8075,434,2021,FALSE,FALSE,128,7,"2020-2021"
2021-05-09,0.785,435,2021,FALSE,FALSE,129,1,"2020-2021"
2021-05-10,0.735,436,2021,FALSE,FALSE,130,2,"2020-2021"
2021-05-11,0.7725,437,2021,FALSE,FALSE,131,3,"2020-2021"
2021-05-12,0.7725,438,2021,FALSE,FALSE,132,4,"2020-2021"
2021-05-13,0.765,439,2021,FALSE,FALSE,133,5,"2020-2021"
2021-05-14,0.7575,440,2021,FALSE,FALSE,134,6,"2020-2021"
2021-05-15,0.8275,441,2021,FALSE,FALSE,135,7,"2020-2021"
2021-05-16,0.7875,442,2021,FALSE,FALSE,136,1,"2020-2021"
2021-05-17,0.74,443,2021,FALSE,FALSE,137,2,"2020-2021"
2021-05-18,0.77,444,2021,FALSE,FALSE,138,3,"2020-2021"
2021-05-19,0.7825,445,2021,FALSE,FALSE,139,4,"2020-2021"
2021-05-20,0.79,446,2021,FALSE,FALSE,140,5,"2020-2021"
2021-05-21,0.775,447,2021,FALSE,FALSE,141,6,"2020-2021"
2021-05-22,0.825,448,2021,FALSE,FALSE,142,7,"2020-2021"
2021-05-23,0.8125,449,2021,FALSE,FALSE,143,1,"2020-2021"
2021-05-24,0.755,450,2021,FALSE,FALSE,144,2,"2020-2021"
2021-05-25,0.79,451,2021,FALSE,FALSE,145,3,"2020-2021"
2021-05-26,0.765,452,2021,FALSE,FALSE,146,4,"2020-2021"
2021-05-27,0.8125,453,2021,FALSE,FALSE,147,5,"2020-2021"
2021-05-28,0.73,454,2021,FALSE,FALSE,148,6,"2020-2021"
2021-05-29,0.72,455,2021,FALSE,FALSE,149,7,"2020-2021"
2021-05-30,0.6775,456,2021,FALSE,FALSE,150,1,"2020-2021"
2021-05-31,0.645,457,2021,FALSE,FALSE,151,2,"2020-2021"
2021-06-01,0.8,458,2021,FALSE,FALSE,152,3,"2020-2021"
2021-06-02,0.8025,459,2021,FALSE,FALSE,153,4,"2020-2021"
2021-06-03,0.7625,460,2021,FALSE,FALSE,154,5,"2020-2021"
2021-06-04,0.7575,461,2021,FALSE,FALSE,155,6,"2020-2021"
2021-06-05,0.86,462,2021,FALSE,FALSE,156,7,"2020-2021"
2021-06-06,0.845,463,2021,FALSE,FALSE,157,1,"2020-2021"
2021-06-07,0.77,464,2021,FALSE,FALSE,158,2,"2020-2021"
2021-06-08,0.7525,465,2021,FALSE,FALSE,159,3,"2020-2021"
2021-06-09,0.805,466,2021,FALSE,FALSE,160,4,"2020-2021"
2021-06-10,0.8275,467,2021,FALSE,FALSE,161,5,"2020-2021"
2021-06-11,0.78,468,2021,FALSE,FALSE,162,6,"2020-2021"
2021-06-12,0.845,469,2021,FALSE,FALSE,163,7,"2020-2021"
2021-06-13,0.825,470,2021,FALSE,FALSE,164,1,"2020-2021"
2021-06-14,0.7525,471,2021,FALSE,FALSE,165,2,"2020-2021"
2021-06-15,0.82,472,2021,FALSE,FALSE,166,3,"2020-2021"
2021-06-16,0.8125,473,2021,FALSE,FALSE,167,4,"2020-2021"
2021-06-17,0.825,474,2021,FALSE,FALSE,168,5,"2020-2021"
2021-06-18,0.7875,475,2021,FALSE,FALSE,169,6,"2020-2021"
2021-06-19,0.8425,476,2021,FALSE,FALSE,170,7,"2020-2021"
2021-06-20,0.83,477,2021,FALSE,FALSE,171,1,"2020-2021"
2021-06-21,0.765,478,2021,FALSE,FALSE,172,2,"2020-2021"
2021-06-22,0.7525,479,2021,FALSE,FALSE,173,3,"2020-2021"
2021-06-23,0.82,480,2021,FALSE,FALSE,174,4,"2020-2021"
2021-06-24,0.8225,481,2021,FALSE,FALSE,175,5,"2020-2021"
2021-06-25,0.785,482,2021,FALSE,FALSE,176,6,"2020-2021"
2021-06-26,0.8275,483,2021,FALSE,FALSE,177,7,"2020-2021"
2021-06-27,0.8125,484,2021,FALSE,FALSE,178,1,"2020-2021"
2021-06-28,0.7525,485,2021,FALSE,FALSE,179,2,"2020-2021"
2021-06-29,0.7425,486,2021,FALSE,FALSE,180,3,"2020-2021"
2021-06-30,0.769166666666667,487,2021,FALSE,TRUE,181,4,"2020-2021"
2021-07-01,0.771760299625468,488,2021,FALSE,FALSE,182,5,"2021-2022"
2021-07-02,0.77435393258427,489,2021,FALSE,FALSE,183,6,"2021-2022"
2021-07-03,0.776947565543071,490,2021,FALSE,FALSE,184,7,"2021-2022"
2021-07-04,0.779541198501873,491,2021,FALSE,FALSE,185,1,"2021-2022"
2021-07-05,0.782134831460674,492,2021,FALSE,FALSE,186,2,"2021-2022"
2021-07-06,0.784728464419476,493,2021,FALSE,FALSE,187,3,"2021-2022"
2021-07-07,0.787322097378277,494,2021,FALSE,FALSE,188,4,"2021-2022"
2021-07-08,0.789915730337079,495,2021,FALSE,FALSE,189,5,"2021-2022"
2021-07-09,0.79250936329588,496,2021,FALSE,FALSE,190,6,"2021-2022"
2021-07-10,0.795102996254682,497,2021,FALSE,FALSE,191,7,"2021-2022"
2021-07-11,0.797696629213483,498,2021,FALSE,FALSE,192,1,"2021-2022"
2021-07-12,0.800290262172285,499,2021,FALSE,FALSE,193,2,"2021-2022"
2021-07-13,0.802883895131086,500,2021,FALSE,FALSE,194,3,"2021-2022"
2021-07-14,0.805477528089888,501,2021,FALSE,FALSE,195,4,"2021-2022"
2021-07-15,0.808071161048689,502,2021,FALSE,FALSE,196,5,"2021-2022"
2021-07-16,0.810664794007491,503,2021,FALSE,FALSE,197,6,"2021-2022"
2021-07-17,0.813258426966292,504,2021,FALSE,FALSE,198,7,"2021-2022"
2021-07-18,0.815852059925094,505,2021,FALSE,FALSE,199,1,"2021-2022"
2021-07-19,0.818445692883895,506,2021,FALSE,FALSE,200,2,"2021-2022"
2021-07-20,0.821039325842697,507,2021,FALSE,FALSE,201,3,"2021-2022"
2021-07-21,0.823632958801498,508,2021,FALSE,FALSE,202,4,"2021-2022"
2021-07-22,0.8262265917603,509,2021,FALSE,FALSE,203,5,"2021-2022"
2021-07-23,0.828820224719101,510,2021,FALSE,FALSE,204,6,"2021-2022"
2021-07-24,0.831413857677903,511,2021,FALSE,FALSE,205,7,"2021-2022"
2021-07-25,0.834007490636704,512,2021,FALSE,FALSE,206,1,"2021-2022"
2021-07-26,0.836601123595506,513,2021,FALSE,FALSE,207,2,"2021-2022"
2021-07-27,0.839194756554307,514,2021,FALSE,FALSE,208,3,"2021-2022"
2021-07-28,0.841788389513109,515,2021,FALSE,FALSE,209,4,"2021-2022"
2021-07-29,0.84438202247191,516,2021,FALSE,FALSE,210,5,"2021-2022"
2021-07-30,0.846975655430712,517,2021,FALSE,FALSE,211,6,"2021-2022"
2021-07-31,0.849569288389513,518,2021,FALSE,FALSE,212,7,"2021-2022"
2021-08-01,0.852162921348315,519,2021,FALSE,FALSE,213,1,"2021-2022"
2021-08-02,0.854756554307116,520,2021,FALSE,FALSE,214,2,"2021-2022"
2021-08-03,0.857350187265918,521,2021,FALSE,FALSE,215,3,"2021-2022"
2021-08-04,0.859943820224719,522,2021,FALSE,FALSE,216,4,"2021-2022"
2021-08-05,0.862537453183521,523,2021,FALSE,FALSE,217,5,"2021-2022"
2021-08-06,0.865131086142322,524,2021,FALSE,FALSE,218,6,"2021-2022"
2021-08-07,0.867724719101124,525,2021,FALSE,FALSE,219,7,"2021-2022"
2021-08-08,0.870318352059925,526,2021,FALSE,FALSE,220,1,"2021-2022"
2021-08-09,0.872911985018727,527,2021,FALSE,FALSE,221,2,"2021-2022"
2021-08-10,0.875505617977528,528,2021,FALSE,FALSE,222,3,"2021-2022"
2021-08-11,0.87809925093633,529,2021,FALSE,FALSE,223,4,"2021-2022"
2021-08-12,0.880692883895131,530,2021,FALSE,FALSE,224,5,"2021-2022"
2021-08-13,0.883286516853933,531,2021,FALSE,FALSE,225,6,"2021-2022"
2021-08-14,0.885880149812734,532,2021,FALSE,FALSE,226,7,"2021-2022"
2021-08-15,0.888473782771536,533,2021,FALSE,FALSE,227,1,"2021-2022"
2021-08-16,0.891067415730337,534,2021,FALSE,FALSE,228,2,"2021-2022"
2021-08-17,0.893661048689139,535,2021,FALSE,FALSE,229,3,"2021-2022"
2021-08-18,0.89625468164794,536,2021,FALSE,FALSE,230,4,"2021-2022"
2021-08-19,0.898848314606742,537,2021,FALSE,FALSE,231,5,"2021-2022"
2021-08-20,0.901441947565543,538,2021,FALSE,FALSE,232,6,"2021-2022"
2021-08-21,0.904035580524345,539,2021,FALSE,FALSE,233,7,"2021-2022"
2021-08-22,0.906629213483146,540,2021,FALSE,FALSE,234,1,"2021-2022"
2021-08-23,0.909222846441948,541,2021,FALSE,FALSE,235,2,"2021-2022"
2021-08-24,0.911816479400749,542,2021,FALSE,FALSE,236,3,"2021-2022"
2021-08-25,0.91441011235955,543,2021,FALSE,FALSE,237,4,"2021-2022"
2021-08-26,0.917003745318352,544,2021,FALSE,FALSE,238,5,"2021-2022"
2021-08-27,0.919597378277154,545,2021,FALSE,FALSE,239,6,"2021-2022"
2021-08-28,0.922191011235955,546,2021,FALSE,FALSE,240,7,"2021-2022"
2021-08-29,0.924784644194757,547,2021,FALSE,FALSE,241,1,"2021-2022"
2021-08-30,0.927378277153558,548,2021,FALSE,FALSE,242,2,"2021-2022"
2021-08-31,0.92997191011236,549,2021,FALSE,FALSE,243,3,"2021-2022"
2021-09-01,0.932565543071161,550,2021,FALSE,FALSE,244,4,"2021-2022"
2021-09-02,0.935159176029963,551,2021,FALSE,FALSE,245,5,"2021-2022"
2021-09-03,0.937752808988764,552,2021,FALSE,FALSE,246,6,"2021-2022"
2021-09-04,0.940346441947566,553,2021,FALSE,FALSE,247,7,"2021-2022"
2021-09-05,0.942940074906367,554,2021,FALSE,FALSE,248,1,"2021-2022"
2021-09-06,0.945533707865169,555,2021,FALSE,FALSE,249,2,"2021-2022"
2021-09-07,0.94812734082397,556,2021,FALSE,FALSE,250,3,"2021-2022"
2021-09-08,0.950720973782772,557,2021,FALSE,FALSE,251,4,"2021-2022"
2021-09-09,0.953314606741573,558,2021,FALSE,FALSE,252,5,"2021-2022"
2021-09-10,0.955908239700375,559,2021,FALSE,FALSE,253,6,"2021-2022"
2021-09-11,0.958501872659176,560,2021,FALSE,FALSE,254,7,"2021-2022"
2021-09-12,0.961095505617978,561,2021,FALSE,FALSE,255,1,"2021-2022"
2021-09-13,0.963689138576779,562,2021,FALSE,FALSE,256,2,"2021-2022"
2021-09-14,0.966282771535581,563,2021,FALSE,FALSE,257,3,"2021-2022"
2021-09-15,0.968876404494382,564,2021,FALSE,FALSE,258,4,"2021-2022"
2021-09-16,0.971470037453183,565,2021,FALSE,FALSE,259,5,"2021-2022"
2021-09-17,0.974063670411985,566,2021,FALSE,FALSE,260,6,"2021-2022"
2021-09-18,0.976657303370786,567,2021,FALSE,FALSE,261,7,"2021-2022"
2021-09-19,0.979250936329588,568,2021,FALSE,FALSE,262,1,"2021-2022"
2021-09-20,0.981844569288389,569,2021,FALSE,FALSE,263,2,"2021-2022"
2021-09-21,0.984438202247191,570,2021,FALSE,FALSE,264,3,"2021-2022"
2021-09-22,0.987031835205992,571,2021,FALSE,FALSE,265,4,"2021-2022"
2021-09-23,0.989625468164794,572,2021,FALSE,FALSE,266,5,"2021-2022"
2021-09-24,0.992219101123595,573,2021,FALSE,FALSE,267,6,"2021-2022"
2021-09-25,0.994812734082397,574,2021,FALSE,FALSE,268,7,"2021-2022"
2021-09-26,0.997406367041199,575,2021,FALSE,FALSE,269,1,"2021-2022"
2021-09-27,1,576,2021,FALSE,FALSE,270,2,"2021-2022"
2021-09-28,1,577,2021,FALSE,FALSE,271,3,"2021-2022"
2021-09-29,1,578,2021,FALSE,FALSE,272,4,"2021-2022"
2021-09-30,1,579,2021,FALSE,FALSE,273,5,"2021-2022"
2021-10-01,1,580,2021,FALSE,FALSE,274,6,"2021-2022"
2021-10-02,1,581,2021,FALSE,FALSE,275,7,"2021-2022"
2021-10-03,1,582,2021,FALSE,FALSE,276,1,"2021-2022"
2021-10-04,1,583,2021,FALSE,FALSE,277,2,"2021-2022"
2021-10-05,1,584,2021,FALSE,FALSE,278,3,"2021-2022"
2021-10-06,1,585,2021,FALSE,FALSE,279,4,"2021-2022"
2021-10-07,1,586,2021,FALSE,FALSE,280,5,"2021-2022"
2021-10-08,1,587,2021,FALSE,FALSE,281,6,"2021-2022"
2021-10-09,1,588,2021,FALSE,FALSE,282,7,"2021-2022"
2021-10-10,1,589,2021,FALSE,FALSE,283,1,"2021-2022"
2021-10-11,1,590,2021,FALSE,FALSE,284,2,"2021-2022"
2021-10-12,1,591,2021,FALSE,FALSE,285,3,"2021-2022"
2021-10-13,1,592,2021,FALSE,FALSE,286,4,"2021-2022"
2021-10-14,1,593,2021,FALSE,FALSE,287,5,"2021-2022"
2021-10-15,1,594,2021,FALSE,FALSE,288,6,"2021-2022"
2021-10-16,1,595,2021,FALSE,FALSE,289,7,"2021-2022"
2021-10-17,1,596,2021,FALSE,FALSE,290,1,"2021-2022"
2021-10-18,1,597,2021,FALSE,FALSE,291,2,"2021-2022"
2021-10-19,1,598,2021,FALSE,FALSE,292,3,"2021-2022"
2021-10-20,1,599,2021,FALSE,FALSE,293,4,"2021-2022"
2021-10-21,1,600,2021,FALSE,FALSE,294,5,"2021-2022"
2021-10-22,1,601,2021,FALSE,FALSE,295,6,"2021-2022"
2021-10-23,1,602,2021,FALSE,FALSE,296,7,"2021-2022"
2021-10-24,1,603,2021,FALSE,FALSE,297,1,"2021-2022"
2021-10-25,1,604,2021,FALSE,FALSE,298,2,"2021-2022"
2021-10-26,1,605,2021,FALSE,FALSE,299,3,"2021-2022"
2021-10-27,1,606,2021,FALSE,FALSE,300,4,"2021-2022"
2021-10-28,1,607,2021,FALSE,FALSE,301,5,"2021-2022"
2021-10-29,1,608,2021,FALSE,FALSE,302,6,"2021-2022"
2021-10-30,1,609,2021,FALSE,FALSE,303,7,"2021-2022"
2021-10-31,1,610,2021,FALSE,FALSE,304,1,"2021-2022"
2021-11-01,1,611,2021,FALSE,FALSE,305,2,"2021-2022"
2021-11-02,1,612,2021,FALSE,FALSE,306,3,"2021-2022"
2021-11-03,1,613,2021,FALSE,FALSE,307,4,"2021-2022"
2021-11-04,1,614,2021,FALSE,FALSE,308,5,"2021-2022"
2021-11-05,1,615,2021,FALSE,FALSE,309,6,"2021-2022"
2021-11-06,1,616,2021,FALSE,FALSE,310,7,"2021-2022"
2021-11-07,1,617,2021,FALSE,FALSE,311,1,"2021-2022"
2021-11-08,1,618,2021,FALSE,FALSE,312,2,"2021-2022"
2021-11-09,1,619,2021,FALSE,FALSE,313,3,"2021-2022"
2021-11-10,1,620,2021,FALSE,FALSE,314,4,"2021-2022"
2021-11-11,1,621,2021,FALSE,FALSE,315,5,"2021-2022"
2021-11-12,1,622,2021,FALSE,FALSE,316,6,"2021-2022"
2021-11-13,1,623,2021,FALSE,FALSE,317,7,"2021-2022"
2021-11-14,1,624,2021,FALSE,FALSE,318,1,"2021-2022"
2021-11-15,1,625,2021,FALSE,FALSE,319,2,"2021-2022"
2021-11-16,1,626,2021,FALSE,FALSE,320,3,"2021-2022"
2021-11-17,1,627,2021,FALSE,FALSE,321,4,"2021-2022"
2021-11-18,1,628,2021,FALSE,FALSE,322,5,"2021-2022"
2021-11-19,1,629,2021,FALSE,FALSE,323,6,"2021-2022"
2021-11-20,1,630,2021,FALSE,FALSE,324,7,"2021-2022"
2021-11-21,1,631,2021,FALSE,FALSE,325,1,"2021-2022"
2021-11-22,1,632,2021,FALSE,FALSE,326,2,"2021-2022"
2021-11-23,1,633,2021,FALSE,FALSE,327,3,"2021-2022"
2021-11-24,1,634,2021,FALSE,FALSE,328,4,"2021-2022"
2021-11-25,1,635,2021,FALSE,FALSE,329,5,"2021-2022"
2021-11-26,1,636,2021,FALSE,FALSE,330,6,"2021-2022"
2021-11-27,1,637,2021,FALSE,FALSE,331,7,"2021-2022"
2021-11-28,1,638,2021,FALSE,FALSE,332,1,"2021-2022"
2021-11-29,1,639,2021,FALSE,FALSE,333,2,"2021-2022"
2021-11-30,1,640,2021,FALSE,FALSE,334,3,"2021-2022"
2021-12-01,1,641,2021,FALSE,FALSE,335,4,"2021-2022"
2021-12-02,1,642,2021,FALSE,FALSE,336,5,"2021-2022"
2021-12-03,1,643,2021,FALSE,FALSE,337,6,"2021-2022"
2021-12-04,1,644,2021,FALSE,FALSE,338,7,"2021-2022"
2021-12-05,1,645,2021,FALSE,FALSE,339,1,"2021-2022"
2021-12-06,1,646,2021,FALSE,FALSE,340,2,"2021-2022"
2021-12-07,1,647,2021,FALSE,FALSE,341,3,"2021-2022"
2021-12-08,1,648,2021,FALSE,FALSE,342,4,"2021-2022"
2021-12-09,1,649,2021,FALSE,FALSE,343,5,"2021-2022"
2021-12-10,1,650,2021,FALSE,FALSE,344,6,"2021-2022"
2021-12-11,1,651,2021,FALSE,FALSE,345,7,"2021-2022"
2021-12-12,1,652,2021,FALSE,FALSE,346,1,"2021-2022"
2021-12-13,1,653,2021,FALSE,FALSE,347,2,"2021-2022"
2021-12-14,1,654,2021,FALSE,FALSE,348,3,"2021-2022"
2021-12-15,1,655,2021,FALSE,FALSE,349,4,"2021-2022"
2021-12-16,1,656,2021,FALSE,FALSE,350,5,"2021-2022"
2021-12-17,1,657,2021,FALSE,FALSE,351,6,"2021-2022"
2021-12-18,1,658,2021,FALSE,FALSE,352,7,"2021-2022"
2021-12-19,1,659,2021,FALSE,FALSE,353,1,"2021-2022"
2021-12-20,1,660,2021,FALSE,FALSE,354,2,"2021-2022"
2021-12-21,1,661,2021,FALSE,FALSE,355,3,"2021-2022"
2021-12-22,1,662,2021,FALSE,FALSE,356,4,"2021-2022"
2021-12-23,1,663,2021,FALSE,FALSE,357,5,"2021-2022"
2021-12-24,1,664,2021,FALSE,FALSE,358,6,"2021-2022"
2021-12-25,1,665,2021,FALSE,FALSE,359,7,"2021-2022"
2021-12-26,1,666,2021,FALSE,FALSE,360,1,"2021-2022"
2021-12-27,1,667,2021,FALSE,FALSE,361,2,"2021-2022"
2021-12-28,1,668,2021,FALSE,FALSE,362,3,"2021-2022"
2021-12-29,1,669,2021,FALSE,FALSE,363,4,"2021-2022"
2021-12-30,1,670,2021,FALSE,FALSE,364,5,"2021-2022"
2021-12-31,1,671,2021,TRUE,FALSE,365,6,"2021-2022"
2022-01-01,1,672,2022,FALSE,FALSE,1,7,"2021-2022"
2022-01-02,1,673,2022,FALSE,FALSE,2,1,"2021-2022"
2022-01-03,1,674,2022,FALSE,FALSE,3,2,"2021-2022"
2022-01-04,1,675,2022,FALSE,FALSE,4,3,"2021-2022"
2022-01-05,1,676,2022,FALSE,FALSE,5,4,"2021-2022"
2022-01-06,1,677,2022,FALSE,FALSE,6,5,"2021-2022"
2022-01-07,1,678,2022,FALSE,FALSE,7,6,"2021-2022"
2022-01-08,1,679,2022,FALSE,FALSE,8,7,"2021-2022"
2022-01-09,1,680,2022,FALSE,FALSE,9,1,"2021-2022"
2022-01-10,1,681,2022,FALSE,FALSE,10,2,"2021-2022"
2022-01-11,1,682,2022,FALSE,FALSE,11,3,"2021-2022"
2022-01-12,1,683,2022,FALSE,FALSE,12,4,"2021-2022"
2022-01-13,1,684,2022,FALSE,FALSE,13,5,"2021-2022"
2022-01-14,1,685,2022,FALSE,FALSE,14,6,"2021-2022"
2022-01-15,1,686,2022,FALSE,FALSE,15,7,"2021-2022"
2022-01-16,1,687,2022,FALSE,FALSE,16,1,"2021-2022"
2022-01-17,1,688,2022,FALSE,FALSE,17,2,"2021-2022"
2022-01-18,1,689,2022,FALSE,FALSE,18,3,"2021-2022"
2022-01-19,1,690,2022,FALSE,FALSE,19,4,"2021-2022"
2022-01-20,1,691,2022,FALSE,FALSE,20,5,"2021-2022"
2022-01-21,1,692,2022,FALSE,FALSE,21,6,"2021-2022"
2022-01-22,1,693,2022,FALSE,FALSE,22,7,"2021-2022"
2022-01-23,1,694,2022,FALSE,FALSE,23,1,"2021-2022"
2022-01-24,1,695,2022,FALSE,FALSE,24,2,"2021-2022"
2022-01-25,1,696,2022,FALSE,FALSE,25,3,"2021-2022"
2022-01-26,1,697,2022,FALSE,FALSE,26,4,"2021-2022"
2022-01-27,1,698,2022,FALSE,FALSE,27,5,"2021-2022"
2022-01-28,1,699,2022,FALSE,FALSE,28,6,"2021-2022"
2022-01-29,1,700,2022,FALSE,FALSE,29,7,"2021-2022"
2022-01-30,1,701,2022,FALSE,FALSE,30,1,"2021-2022"
2022-01-31,1,702,2022,FALSE,FALSE,31,2,"2021-2022"
2022-02-01,1,703,2022,FALSE,FALSE,32,3,"2021-2022"
2022-02-02,1,704,2022,FALSE,FALSE,33,4,"2021-2022"
2022-02-03,1,705,2022,FALSE,FALSE,34,5,"2021-2022"
2022-02-04,1,706,2022,FALSE,FALSE,35,6,"2021-2022"
2022-02-05,1,707,2022,FALSE,FALSE,36,7,"2021-2022"
2022-02-06,1,708,2022,FALSE,FALSE,37,1,"2021-2022"
2022-02-07,1,709,2022,FALSE,FALSE,38,2,"2021-2022"
2022-02-08,1,710,2022,FALSE,FALSE,39,3,"2021-2022"
2022-02-09,1,711,2022,FALSE,FALSE,40,4,"2021-2022"
2022-02-10,1,712,2022,FALSE,FALSE,41,5,"2021-2022"
2022-02-11,1,713,2022,FALSE,FALSE,42,6,"2021-2022"
2022-02-12,1,714,2022,FALSE,FALSE,43,7,"2021-2022"
2022-02-13,1,715,2022,FALSE,FALSE,44,1,"2021-2022"
2022-02-14,1,716,2022,FALSE,FALSE,45,2,"2021-2022"
2022-02-15,1,717,2022,FALSE,FALSE,46,3,"2021-2022"
2022-02-16,1,718,2022,FALSE,FALSE,47,4,"2021-2022"
2022-02-17,1,719,2022,FALSE,FALSE,48,5,"2021-2022"
2022-02-18,1,720,2022,FALSE,FALSE,49,6,"2021-2022"
2022-02-19,1,721,2022,FALSE,FALSE,50,7,"2021-2022"
2022-02-20,1,722,2022,FALSE,FALSE,51,1,"2021-2022"
2022-02-21,1,723,2022,FALSE,FALSE,52,2,"2021-2022"
2022-02-22,1,724,2022,FALSE,FALSE,53,3,"2021-2022"
2022-02-23,1,725,2022,FALSE,FALSE,54,4,"2021-2022"
2022-02-24,1,726,2022,FALSE,FALSE,55,5,"2021-2022"
2022-02-25,1,727,2022,FALSE,FALSE,56,6,"2021-2022"
2022-02-26,1,728,2022,FALSE,FALSE,57,7,"2021-2022"
2022-02-27,1,729,2022,FALSE,FALSE,58,1,"2021-2022"
2022-02-28,1,730,2022,FALSE,FALSE,59,2,"2021-2022"
2022-03-01,1,731,2022,FALSE,FALSE,60,3,"2021-2022"
2022-03-02,1,732,2022,FALSE,FALSE,61,4,"2021-2022"
2022-03-03,1,733,2022,FALSE,FALSE,62,5,"2021-2022"
2022-03-04,1,734,2022,FALSE,FALSE,63,6,"2021-2022"
2022-03-05,1,735,2022,FALSE,FALSE,64,7,"2021-2022"
2022-03-06,1,736,2022,FALSE,FALSE,65,1,"2021-2022"
2022-03-07,1,737,2022,FALSE,FALSE,66,2,"2021-2022"
2022-03-08,1,738,2022,FALSE,FALSE,67,3,"2021-2022"
2022-03-09,1,739,2022,FALSE,FALSE,68,4,"2021-2022"
2022-03-10,1,740,2022,FALSE,FALSE,69,5,"2021-2022"
2022-03-11,1,741,2022,FALSE,FALSE,70,6,"2021-2022"
2022-03-12,1,742,2022,FALSE,FALSE,71,7,"2021-2022"
2022-03-13,1,743,2022,FALSE,FALSE,72,1,"2021-2022"
2022-03-14,1,744,2022,FALSE,FALSE,73,2,"2021-2022"
2022-03-15,1,745,2022,FALSE,FALSE,74,3,"2021-2022"
2022-03-16,1,746,2022,FALSE,FALSE,75,4,"2021-2022"
2022-03-17,1,747,2022,FALSE,FALSE,76,5,"2021-2022"
2022-03-18,1,748,2022,FALSE,FALSE,77,6,"2021-2022"
2022-03-19,1,749,2022,FALSE,FALSE,78,7,"2021-2022"
2022-03-20,1,750,2022,FALSE,FALSE,79,1,"2021-2022"
2022-03-21,1,751,2022,FALSE,FALSE,80,2,"2021-2022"
2022-03-22,1,752,2022,FALSE,FALSE,81,3,"2021-2022"
2022-03-23,1,753,2022,FALSE,FALSE,82,4,"2021-2022"
2022-03-24,1,754,2022,FALSE,FALSE,83,5,"2021-2022"
2022-03-25,1,755,2022,FALSE,FALSE,84,6,"2021-2022"
2022-03-26,1,756,2022,FALSE,FALSE,85,7,"2021-2022"
2022-03-27,1,757,2022,FALSE,FALSE,86,1,"2021-2022"
2022-03-28,1,758,2022,FALSE,FALSE,87,2,"2021-2022"
2022-03-29,1,759,2022,FALSE,FALSE,88,3,"2021-2022"
2022-03-30,1,760,2022,FALSE,FALSE,89,4,"2021-2022"
2022-03-31,1,761,2022,FALSE,FALSE,90,5,"2021-2022"
2022-04-01,1,762,2022,FALSE,FALSE,91,6,"2021-2022"
2022-04-02,1,763,2022,FALSE,FALSE,92,7,"2021-2022"
2022-04-03,1,764,2022,FALSE,FALSE,93,1,"2021-2022"
2022-04-04,1,765,2022,FALSE,FALSE,94,2,"2021-2022"
2022-04-05,1,766,2022,FALSE,FALSE,95,3,"2021-2022"
2022-04-06,1,767,2022,FALSE,FALSE,96,4,"2021-2022"
2022-04-07,1,768,2022,FALSE,FALSE,97,5,"2021-2022"
2022-04-08,1,769,2022,FALSE,FALSE,98,6,"2021-2022"
2022-04-09,1,770,2022,FALSE,FALSE,99,7,"2021-2022"
2022-04-10,1,771,2022,FALSE,FALSE,100,1,"2021-2022"
2022-04-11,1,772,2022,FALSE,FALSE,101,2,"2021-2022"
2022-04-12,1,773,2022,FALSE,FALSE,102,3,"2021-2022"
2022-04-13,1,774,2022,FALSE,FALSE,103,4,"2021-2022"
2022-04-14,1,775,2022,FALSE,FALSE,104,5,"2021-2022"
2022-04-15,1,776,2022,FALSE,FALSE,105,6,"2021-2022"
2022-04-16,1,777,2022,FALSE,FALSE,106,7,"2021-2022"
2022-04-17,1,778,2022,FALSE,FALSE,107,1,"2021-2022"
2022-04-18,1,779,2022,FALSE,FALSE,108,2,"2021-2022"
2022-04-19,1,780,2022,FALSE,FALSE,109,3,"2021-2022"
2022-04-20,1,781,2022,FALSE,FALSE,110,4,"2021-2022"
2022-04-21,1,782,2022,FALSE,FALSE,111,5,"2021-2022"
2022-04-22,1,783,2022,FALSE,FALSE,112,6,"2021-2022"
2022-04-23,1,784,2022,FALSE,FALSE,113,7,"2021-2022"
2022-04-24,1,785,2022,FALSE,FALSE,114,1,"2021-2022"
2022-04-25,1,786,2022,FALSE,FALSE,115,2,"2021-2022"
2022-04-26,1,787,2022,FALSE,FALSE,116,3,"2021-2022"
2022-04-27,1,788,2022,FALSE,FALSE,117,4,"2021-2022"
2022-04-28,1,789,2022,FALSE,FALSE,118,5,"2021-2022"
2022-04-29,1,790,2022,FALSE,FALSE,119,6,"2021-2022"
2022-04-30,1,791,2022,FALSE,FALSE,120,7,"2021-2022"
2022-05-01,1,792,2022,FALSE,FALSE,121,1,"2021-2022"
2022-05-02,1,793,2022,FALSE,FALSE,122,2,"2021-2022"
2022-05-03,1,794,2022,FALSE,FALSE,123,3,"2021-2022"
2022-05-04,1,795,2022,FALSE,FALSE,124,4,"2021-2022"
2022-05-05,1,796,2022,FALSE,FALSE,125,5,"2021-2022"
2022-05-06,1,797,2022,FALSE,FALSE,126,6,"2021-2022"
2022-05-07,1,798,2022,FALSE,FALSE,127,7,"2021-2022"
2022-05-08,1,799,2022,FALSE,FALSE,128,1,"2021-2022"
2022-05-09,1,800,2022,FALSE,FALSE,129,2,"2021-2022"
2022-05-10,1,801,2022,FALSE,FALSE,130,3,"2021-2022"
2022-05-11,1,802,2022,FALSE,FALSE,131,4,"2021-2022"
2022-05-12,1,803,2022,FALSE,FALSE,132,5,"2021-2022"
2022-05-13,1,804,2022,FALSE,FALSE,133,6,"2021-2022"
2022-05-14,1,805,2022,FALSE,FALSE,134,7,"2021-2022"
2022-05-15,1,806,2022,FALSE,FALSE,135,1,"2021-2022"
2022-05-16,1,807,2022,FALSE,FALSE,136,2,"2021-2022"
2022-05-17,1,808,2022,FALSE,FALSE,137,3,"2021-2022"
2022-05-18,1,809,2022,FALSE,FALSE,138,4,"2021-2022"
2022-05-19,1,810,2022,FALSE,FALSE,139,5,"2021-2022"
2022-05-20,1,811,2022,FALSE,FALSE,140,6,"2021-2022"
2022-05-21,1,812,2022,FALSE,FALSE,141,7,"2021-2022"
2022-05-22,1,813,2022,FALSE,FALSE,142,1,"2021-2022"
2022-05-23,1,814,2022,FALSE,FALSE,143,2,"2021-2022"
2022-05-24,1,815,2022,FALSE,FALSE,144,3,"2021-2022"
2022-05-25,1,816,2022,FALSE,FALSE,145,4,"2021-2022"
2022-05-26,1,817,2022,FALSE,FALSE,146,5,"2021-2022"
2022-05-27,1,818,2022,FALSE,FALSE,147,6,"2021-2022"
2022-05-28,1,819,2022,FALSE,FALSE,148,7,"2021-2022"
2022-05-29,1,820,2022,FALSE,FALSE,149,1,"2021-2022"
2022-05-30,1,821,2022,FALSE,FALSE,150,2,"2021-2022"
2022-05-31,1,822,2022,FALSE,FALSE,151,3,"2021-2022"
2022-06-01,1,823,2022,FALSE,FALSE,152,4,"2021-2022"
2022-06-02,1,824,2022,FALSE,FALSE,153,5,"2021-2022"
2022-06-03,1,825,2022,FALSE,FALSE,154,6,"2021-2022"
2022-06-04,1,826,2022,FALSE,FALSE,155,7,"2021-2022"
2022-06-05,1,827,2022,FALSE,FALSE,156,1,"2021-2022"
2022-06-06,1,828,2022,FALSE,FALSE,157,2,"2021-2022"
2022-06-07,1,829,2022,FALSE,FALSE,158,3,"2021-2022"
2022-06-08,1,830,2022,FALSE,FALSE,159,4,"2021-2022"
2022-06-09,1,831,2022,FALSE,FALSE,160,5,"2021-2022"
2022-06-10,1,832,2022,FALSE,FALSE,161,6,"2021-2022"
2022-06-11,1,833,2022,FALSE,FALSE,162,7,"2021-2022"
2022-06-12,1,834,2022,FALSE,FALSE,163,1,"2021-2022"
2022-06-13,1,835,2022,FALSE,FALSE,164,2,"2021-2022"
2022-06-14,1,836,2022,FALSE,FALSE,165,3,"2021-2022"
2022-06-15,1,837,2022,FALSE,FALSE,166,4,"2021-2022"
2022-06-16,1,838,2022,FALSE,FALSE,167,5,"2021-2022"
2022-06-17,1,839,2022,FALSE,FALSE,168,6,"2021-2022"
2022-06-18,1,840,2022,FALSE,FALSE,169,7,"2021-2022"
2022-06-19,1,841,2022,FALSE,FALSE,170,1,"2021-2022"
2022-06-20,1,842,2022,FALSE,FALSE,171,2,"2021-2022"
2022-06-21,1,843,2022,FALSE,FALSE,172,3,"2021-2022"
2022-06-22,1,844,2022,FALSE,FALSE,173,4,"2021-2022"
2022-06-23,1,845,2022,FALSE,FALSE,174,5,"2021-2022"
2022-06-24,1,846,2022,FALSE,FALSE,175,6,"2021-2022"
2022-06-25,1,847,2022,FALSE,FALSE,176,7,"2021-2022"
2022-06-26,1,848,2022,FALSE,FALSE,177,1,"2021-2022"
2022-06-27,1,849,2022,FALSE,FALSE,178,2,"2021-2022"
2022-06-28,1,850,2022,FALSE,FALSE,179,3,"2021-2022"
2022-06-29,1,851,2022,FALSE,FALSE,180,4,"2021-2022"
2022-06-30,1,852,2022,FALSE,TRUE,181,5,"2021-2022"
2022-07-01,1,853,2022,FALSE,FALSE,182,6,"2022-2023"
2022-07-02,1,854,2022,FALSE,FALSE,183,7,"2022-2023"
2022-07-03,1,855,2022,FALSE,FALSE,184,1,"2022-2023"
2022-07-04,1,856,2022,FALSE,FALSE,185,2,"2022-2023"
2022-07-05,1,857,2022,FALSE,FALSE,186,3,"2022-2023"
2022-07-06,1,858,2022,FALSE,FALSE,187,4,"2022-2023"
2022-07-07,1,859,2022,FALSE,FALSE,188,5,"2022-2023"
2022-07-08,1,860,2022,FALSE,FALSE,189,6,"2022-2023"
2022-07-09,1,861,2022,FALSE,FALSE,190,7,"2022-2023"
2022-07-10,1,862,2022,FALSE,FALSE,191,1,"2022-2023"
2022-07-11,1,863,2022,FALSE,FALSE,192,2,"2022-2023"
2022-07-12,1,864,2022,FALSE,FALSE,193,3,"2022-2023"
2022-07-13,1,865,2022,FALSE,FALSE,194,4,"2022-2023"
2022-07-14,1,866,2022,FALSE,FALSE,195,5,"2022-2023"
2022-07-15,1,867,2022,FALSE,FALSE,196,6,"2022-2023"
2022-07-16,1,868,2022,FALSE,FALSE,197,7,"2022-2023"
2022-07-17,1,869,2022,FALSE,FALSE,198,1,"2022-2023"
2022-07-18,1,870,2022,FALSE,FALSE,199,2,"2022-2023"
2022-07-19,1,871,2022,FALSE,FALSE,200,3,"2022-2023"
2022-07-20,1,872,2022,FALSE,FALSE,201,4,"2022-2023"
2022-07-21,1,873,2022,FALSE,FALSE,202,5,"2022-2023"
2022-07-22,1,874,2022,FALSE,FALSE,203,6,"2022-2023"
2022-07-23,1,875,2022,FALSE,FALSE,204,7,"2022-2023"
2022-07-24,1,876,2022,FALSE,FALSE,205,1,"2022-2023"
2022-07-25,1,877,2022,FALSE,FALSE,206,2,"2022-2023"
2022-07-26,1,878,2022,FALSE,FALSE,207,3,"2022-2023"
2022-07-27,1,879,2022,FALSE,FALSE,208,4,"2022-2023"
2022-07-28,1,880,2022,FALSE,FALSE,209,5,"2022-2023"
2022-07-29,1,881,2022,FALSE,FALSE,210,6,"2022-2023"
2022-07-30,1,882,2022,FALSE,FALSE,211,7,"2022-2023"
2022-07-31,1,883,2022,FALSE,FALSE,212,1,"2022-2023"
2022-08-01,1,884,2022,FALSE,FALSE,213,2,"2022-2023"
2022-08-02,1,885,2022,FALSE,FALSE,214,3,"2022-2023"
2022-08-03,1,886,2022,FALSE,FALSE,215,4,"2022-2023"
2022-08-04,1,887,2022,FALSE,FALSE,216,5,"2022-2023"
2022-08-05,1,888,2022,FALSE,FALSE,217,6,"2022-2023"
2022-08-06,1,889,2022,FALSE,FALSE,218,7,"2022-2023"
2022-08-07,1,890,2022,FALSE,FALSE,219,1,"2022-2023"
2022-08-08,1,891,2022,FALSE,FALSE,220,2,"2022-2023"
2022-08-09,1,892,2022,FALSE,FALSE,221,3,"2022-2023"
2022-08-10,1,893,2022,FALSE,FALSE,222,4,"2022-2023"
2022-08-11,1,894,2022,FALSE,FALSE,223,5,"2022-2023"
2022-08-12,1,895,2022,FALSE,FALSE,224,6,"2022-2023"
2022-08-13,1,896,2022,FALSE,FALSE,225,7,"2022-2023"
2022-08-14,1,897,2022,FALSE,FALSE,226,1,"2022-2023"
2022-08-15,1,898,2022,FALSE,FALSE,227,2,"2022-2023"
2022-08-16,1,899,2022,FALSE,FALSE,228,3,"2022-2023"
2022-08-17,1,900,2022,FALSE,FALSE,229,4,"2022-2023"
2022-08-18,1,901,2022,FALSE,FALSE,230,5,"2022-2023"
2022-08-19,1,902,2022,FALSE,FALSE,231,6,"2022-2023"
2022-08-20,1,903,2022,FALSE,FALSE,232,7,"2022-2023"
2022-08-21,1,904,2022,FALSE,FALSE,233,1,"2022-2023"
2022-08-22,1,905,2022,FALSE,FALSE,234,2,"2022-2023"
2022-08-23,1,906,2022,FALSE,FALSE,235,3,"2022-2023"
2022-08-24,1,907,2022,FALSE,FALSE,236,4,"2022-2023"
2022-08-25,1,908,2022,FALSE,FALSE,237,5,"2022-2023"
2022-08-26,1,909,2022,FALSE,FALSE,238,6,"2022-2023"
2022-08-27,1,910,2022,FALSE,FALSE,239,7,"2022-2023"
2022-08-28,1,911,2022,FALSE,FALSE,240,1,"2022-2023"
2022-08-29,1,912,2022,FALSE,FALSE,241,2,"2022-2023"
2022-08-30,1,913,2022,FALSE,FALSE,242,3,"2022-2023"
2022-08-31,1,914,2022,FALSE,FALSE,243,4,"2022-2023"
2022-09-01,1,915,2022,FALSE,FALSE,244,5,"2022-2023"
2022-09-02,1,916,2022,FALSE,FALSE,245,6,"2022-2023"
2022-09-03,1,917,2022,FALSE,FALSE,246,7,"2022-2023"
2022-09-04,1,918,2022,FALSE,FALSE,247,1,"2022-2023"
2022-09-05,1,919,2022,FALSE,FALSE,248,2,"2022-2023"
2022-09-06,1,920,2022,FALSE,FALSE,249,3,"2022-2023"
2022-09-07,1,921,2022,FALSE,FALSE,250,4,"2022-2023"
2022-09-08,1,922,2022,FALSE,FALSE,251,5,"2022-2023"
2022-09-09,1,923,2022,FALSE,FALSE,252,6,"2022-2023"
2022-09-10,1,924,2022,FALSE,FALSE,253,7,"2022-2023"
2022-09-11,1,925,2022,FALSE,FALSE,254,1,"2022-2023"
2022-09-12,1,926,2022,FALSE,FALSE,255,2,"2022-2023"
2022-09-13,1,927,2022,FALSE,FALSE,256,3,"2022-2023"
2022-09-14,1,928,2022,FALSE,FALSE,257,4,"2022-2023"
2022-09-15,1,929,2022,FALSE,FALSE,258,5,"2022-2023"
2022-09-16,1,930,2022,FALSE,FALSE,259,6,"2022-2023"
2022-09-17,1,931,2022,FALSE,FALSE,260,7,"2022-2023"
2022-09-18,1,932,2022,FALSE,FALSE,261,1,"2022-2023"
2022-09-19,1,933,2022,FALSE,FALSE,262,2,"2022-2023"
2022-09-20,1,934,2022,FALSE,FALSE,263,3,"2022-2023"
2022-09-21,1,935,2022,FALSE,FALSE,264,4,"2022-2023"
2022-09-22,1,936,2022,FALSE,FALSE,265,5,"2022-2023"
2022-09-23,1,937,2022,FALSE,FALSE,266,6,"2022-2023"
2022-09-24,1,938,2022,FALSE,FALSE,267,7,"2022-2023"
2022-09-25,1,939,2022,FALSE,FALSE,268,1,"2022-2023"
2022-09-26,1,940,2022,FALSE,FALSE,269,2,"2022-2023"
2022-09-27,1,941,2022,FALSE,FALSE,270,3,"2022-2023"
2022-09-28,1,942,2022,FALSE,FALSE,271,4,"2022-2023"
2022-09-29,1,943,2022,FALSE,FALSE,272,5,"2022-2023"
2022-09-30,1,944,2022,FALSE,FALSE,273,6,"2022-2023"
2022-10-01,1,945,2022,FALSE,FALSE,274,7,"2022-2023"
2022-10-02,1,946,2022,FALSE,FALSE,275,1,"2022-2023"
2022-10-03,1,947,2022,FALSE,FALSE,276,2,"2022-2023"
2022-10-04,1,948,2022,FALSE,FALSE,277,3,"2022-2023"
2022-10-05,1,949,2022,FALSE,FALSE,278,4,"2022-2023"
2022-10-06,1,950,2022,FALSE,FALSE,279,5,"2022-2023"
2022-10-07,1,951,2022,FALSE,FALSE,280,6,"2022-2023"
2022-10-08,1,952,2022,FALSE,FALSE,281,7,"2022-2023"
2022-10-09,1,953,2022,FALSE,FALSE,282,1,"2022-2023"
2022-10-10,1,954,2022,FALSE,FALSE,283,2,"2022-2023"
2022-10-11,1,955,2022,FALSE,FALSE,284,3,"2022-2023"
2022-10-12,1,956,2022,FALSE,FALSE,285,4,"2022-2023"
2022-10-13,1,957,2022,FALSE,FALSE,286,5,"2022-2023"
2022-10-14,1,958,2022,FALSE,FALSE,287,6,"2022-2023"
2022-10-15,1,959,2022,FALSE,FALSE,288,7,"2022-2023"
2022-10-16,1,960,2022,FALSE,FALSE,289,1,"2022-2023"
2022-10-17,1,961,2022,FALSE,FALSE,290,2,"2022-2023"
2022-10-18,1,962,2022,FALSE,FALSE,291,3,"2022-2023"
2022-10-19,1,963,2022,FALSE,FALSE,292,4,"2022-2023"
2022-10-20,1,964,2022,FALSE,FALSE,293,5,"2022-2023"
2022-10-21,1,965,2022,FALSE,FALSE,294,6,"2022-2023"
2022-10-22,1,966,2022,FALSE,FALSE,295,7,"2022-2023"
2022-10-23,1,967,2022,FALSE,FALSE,296,1,"2022-2023"
2022-10-24,1,968,2022,FALSE,FALSE,297,2,"2022-2023"
2022-10-25,1,969,2022,FALSE,FALSE,298,3,"2022-2023"
2022-10-26,1,970,2022,FALSE,FALSE,299,4,"2022-2023"
2022-10-27,1,971,2022,FALSE,FALSE,300,5,"2022-2023"
2022-10-28,1,972,2022,FALSE,FALSE,301,6,"2022-2023"
2022-10-29,1,973,2022,FALSE,FALSE,302,7,"2022-2023"
2022-10-30,1,974,2022,FALSE,FALSE,303,1,"2022-2023"
2022-10-31,1,975,2022,FALSE,FALSE,304,2,"2022-2023"
2022-11-01,1,976,2022,FALSE,FALSE,305,3,"2022-2023"
2022-11-02,1,977,2022,FALSE,FALSE,306,4,"2022-2023"
2022-11-03,1,978,2022,FALSE,FALSE,307,5,"2022-2023"
2022-11-04,1,979,2022,FALSE,FALSE,308,6,"2022-2023"
2022-11-05,1,980,2022,FALSE,FALSE,309,7,"2022-2023"
2022-11-06,1,981,2022,FALSE,FALSE,310,1,"2022-2023"
2022-11-07,1,982,2022,FALSE,FALSE,311,2,"2022-2023"
2022-11-08,1,983,2022,FALSE,FALSE,312,3,"2022-2023"
2022-11-09,1,984,2022,FALSE,FALSE,313,4,"2022-2023"
2022-11-10,1,985,2022,FALSE,FALSE,314,5,"2022-2023"
2022-11-11,1,986,2022,FALSE,FALSE,315,6,"2022-2023"
2022-11-12,1,987,2022,FALSE,FALSE,316,7,"2022-2023"
2022-11-13,1,988,2022,FALSE,FALSE,317,1,"2022-2023"
2022-11-14,1,989,2022,FALSE,FALSE,318,2,"2022-2023"
2022-11-15,1,990,2022,FALSE,FALSE,319,3,"2022-2023"
2022-11-16,1,991,2022,FALSE,FALSE,320,4,"2022-2023"
2022-11-17,1,992,2022,FALSE,FALSE,321,5,"2022-2023"
2022-11-18,1,993,2022,FALSE,FALSE,322,6,"2022-2023"
2022-11-19,1,994,2022,FALSE,FALSE,323,7,"2022-2023"
2022-11-20,1,995,2022,FALSE,FALSE,324,1,"2022-2023"
2022-11-21,1,996,2022,FALSE,FALSE,325,2,"2022-2023"
2022-11-22,1,997,2022,FALSE,FALSE,326,3,"2022-2023"
2022-11-23,1,998,2022,FALSE,FALSE,327,4,"2022-2023"
2022-11-24,1,999,2022,FALSE,FALSE,328,5,"2022-2023"
2022-11-25,1,1000,2022,FALSE,FALSE,329,6,"2022-2023"
2022-11-26,1,1001,2022,FALSE,FALSE,330,7,"2022-2023"
2022-11-27,1,1002,2022,FALSE,FALSE,331,1,"2022-2023"
2022-11-28,1,1003,2022,FALSE,FALSE,332,2,"2022-2023"
2022-11-29,1,1004,2022,FALSE,FALSE,333,3,"2022-2023"
2022-11-30,1,1005,2022,FALSE,FALSE,334,4,"2022-2023"
2022-12-01,1,1006,2022,FALSE,FALSE,335,5,"2022-2023"
2022-12-02,1,1007,2022,FALSE,FALSE,336,6,"2022-2023"
2022-12-03,1,1008,2022,FALSE,FALSE,337,7,"2022-2023"
2022-12-04,1,1009,2022,FALSE,FALSE,338,1,"2022-2023"
2022-12-05,1,1010,2022,FALSE,FALSE,339,2,"2022-2023"
2022-12-06,1,1011,2022,FALSE,FALSE,340,3,"2022-2023"
2022-12-07,1,1012,2022,FALSE,FALSE,341,4,"2022-2023"
2022-12-08,1,1013,2022,FALSE,FALSE,342,5,"2022-2023"
2022-12-09,1,1014,2022,FALSE,FALSE,343,6,"2022-2023"
2022-12-10,1,1015,2022,FALSE,FALSE,344,7,"2022-2023"
2022-12-11,1,1016,2022,FALSE,FALSE,345,1,"2022-2023"
2022-12-12,1,1017,2022,FALSE,FALSE,346,2,"2022-2023"
2022-12-13,1,1018,2022,FALSE,FALSE,347,3,"2022-2023"
2022-12-14,1,1019,2022,FALSE,FALSE,348,4,"2022-2023"
2022-12-15,1,1020,2022,FALSE,FALSE,349,5,"2022-2023"
2022-12-16,1,1021,2022,FALSE,FALSE,350,6,"2022-2023"
2022-12-17,1,1022,2022,FALSE,FALSE,351,7,"2022-2023"
2022-12-18,1,1023,2022,FALSE,FALSE,352,1,"2022-2023"
2022-12-19,1,1024,2022,FALSE,FALSE,353,2,"2022-2023"
2022-12-20,1,1025,2022,FALSE,FALSE,354,3,"2022-2023"
2022-12-21,1,1026,2022,FALSE,FALSE,355,4,"2022-2023"
2022-12-22,1,1027,2022,FALSE,FALSE,356,5,"2022-2023"
2022-12-23,1,1028,2022,FALSE,FALSE,357,6,"2022-2023"
2022-12-24,1,1029,2022,FALSE,FALSE,358,7,"2022-2023"
2022-12-25,1,1030,2022,FALSE,FALSE,359,1,"2022-2023"
2022-12-26,1,1031,2022,FALSE,FALSE,360,2,"2022-2023"
2022-12-27,1,1032,2022,FALSE,FALSE,361,3,"2022-2023"
2022-12-28,1,1033,2022,FALSE,FALSE,362,4,"2022-2023"
2022-12-29,1,1034,2022,FALSE,FALSE,363,5,"2022-2023"
2022-12-30,1,1035,2022,FALSE,FALSE,364,6,"2022-2023"
2022-12-31,1,1036,2022,TRUE,FALSE,365,7,"2022-2023"
2023-01-01,1,1037,2023,FALSE,FALSE,1,1,"2022-2023"
2023-01-02,1,1038,2023,FALSE,FALSE,2,2,"2022-2023"
2023-01-03,1,1039,2023,FALSE,FALSE,3,3,"2022-2023"
2023-01-04,1,1040,2023,FALSE,FALSE,4,4,"2022-2023"
2023-01-05,1,1041,2023,FALSE,FALSE,5,5,"2022-2023"
2023-01-06,1,1042,2023,FALSE,FALSE,6,6,"2022-2023"
2023-01-07,1,1043,2023,FALSE,FALSE,7,7,"2022-2023"
2023-01-08,1,1044,2023,FALSE,FALSE,8,1,"2022-2023"
2023-01-09,1,1045,2023,FALSE,FALSE,9,2,"2022-2023"
2023-01-10,1,1046,2023,FALSE,FALSE,10,3,"2022-2023"
2023-01-11,1,1047,2023,FALSE,FALSE,11,4,"2022-2023"
2023-01-12,1,1048,2023,FALSE,FALSE,12,5,"2022-2023"
2023-01-13,1,1049,2023,FALSE,FALSE,13,6,"2022-2023"
2023-01-14,1,1050,2023,FALSE,FALSE,14,7,"2022-2023"
2023-01-15,1,1051,2023,FALSE,FALSE,15,1,"2022-2023"
2023-01-16,1,1052,2023,FALSE,FALSE,16,2,"2022-2023"
2023-01-17,1,1053,2023,FALSE,FALSE,17,3,"2022-2023"
2023-01-18,1,1054,2023,FALSE,FALSE,18,4,"2022-2023"
2023-01-19,1,1055,2023,FALSE,FALSE,19,5,"2022-2023"
2023-01-20,1,1056,2023,FALSE,FALSE,20,6,"2022-2023"
2023-01-21,1,1057,2023,FALSE,FALSE,21,7,"2022-2023"
2023-01-22,1,1058,2023,FALSE,FALSE,22,1,"2022-2023"
2023-01-23,1,1059,2023,FALSE,FALSE,23,2,"2022-2023"
2023-01-24,1,1060,2023,FALSE,FALSE,24,3,"2022-2023"
2023-01-25,1,1061,2023,FALSE,FALSE,25,4,"2022-2023"
2023-01-26,1,1062,2023,FALSE,FALSE,26,5,"2022-2023"
2023-01-27,1,1063,2023,FALSE,FALSE,27,6,"2022-2023"
2023-01-28,1,1064,2023,FALSE,FALSE,28,7,"2022-2023"
2023-01-29,1,1065,2023,FALSE,FALSE,29,1,"2022-2023"
2023-01-30,1,1066,2023,FALSE,FALSE,30,2,"2022-2023"
2023-01-31,1,1067,2023,FALSE,FALSE,31,3,"2022-2023"
2023-02-01,1,1068,2023,FALSE,FALSE,32,4,"2022-2023"
2023-02-02,1,1069,2023,FALSE,FALSE,33,5,"2022-2023"
2023-02-03,1,1070,2023,FALSE,FALSE,34,6,"2022-2023"
2023-02-04,1,1071,2023,FALSE,FALSE,35,7,"2022-2023"
2023-02-05,1,1072,2023,FALSE,FALSE,36,1,"2022-2023"
2023-02-06,1,1073,2023,FALSE,FALSE,37,2,"2022-2023"
2023-02-07,1,1074,2023,FALSE,FALSE,38,3,"2022-2023"
2023-02-08,1,1075,2023,FALSE,FALSE,39,4,"2022-2023"
2023-02-09,1,1076,2023,FALSE,FALSE,40,5,"2022-2023"
2023-02-10,1,1077,2023,FALSE,FALSE,41,6,"2022-2023"
2023-02-11,1,1078,2023,FALSE,FALSE,42,7,"2022-2023"
2023-02-12,1,1079,2023,FALSE,FALSE,43,1,"2022-2023"
2023-02-13,1,1080,2023,FALSE,FALSE,44,2,"2022-2023"
2023-02-14,1,1081,2023,FALSE,FALSE,45,3,"2022-2023"
2023-02-15,1,1082,2023,FALSE,FALSE,46,4,"2022-2023"
2023-02-16,1,1083,2023,FALSE,FALSE,47,5,"2022-2023"
2023-02-17,1,1084,2023,FALSE,FALSE,48,6,"2022-2023"
2023-02-18,1,1085,2023,FALSE,FALSE,49,7,"2022-2023"
2023-02-19,1,1086,2023,FALSE,FALSE,50,1,"2022-2023"
2023-02-20,1,1087,2023,FALSE,FALSE,51,2,"2022-2023"
2023-02-21,1,1088,2023,FALSE,FALSE,52,3,"2022-2023"
2023-02-22,1,1089,2023,FALSE,FALSE,53,4,"2022-2023"
2023-02-23,1,1090,2023,FALSE,FALSE,54,5,"2022-2023"
2023-02-24,1,1091,2023,FALSE,FALSE,55,6,"2022-2023"
2023-02-25,1,1092,2023,FALSE,FALSE,56,7,"2022-2023"
2023-02-26,1,1093,2023,FALSE,FALSE,57,1,"2022-2023"
2023-02-27,1,1094,2023,FALSE,FALSE,58,2,"2022-2023"
2023-02-28,1,1095,2023,FALSE,FALSE,59,3,"2022-2023"
2023-03-01,1,1096,2023,FALSE,FALSE,60,4,"2022-2023"
2023-03-02,1,1097,2023,FALSE,FALSE,61,5,"2022-2023"
2023-03-03,1,1098,2023,FALSE,FALSE,62,6,"2022-2023"
2023-03-04,1,1099,2023,FALSE,FALSE,63,7,"2022-2023"
2023-03-05,1,1100,2023,FALSE,FALSE,64,1,"2022-2023"
2023-03-06,1,1101,2023,FALSE,FALSE,65,2,"2022-2023"
2023-03-07,1,1102,2023,FALSE,FALSE,66,3,"2022-2023"
2023-03-08,1,1103,2023,FALSE,FALSE,67,4,"2022-2023"
2023-03-09,1,1104,2023,FALSE,FALSE,68,5,"2022-2023"
2023-03-10,1,1105,2023,FALSE,FALSE,69,6,"2022-2023"
2023-03-11,1,1106,2023,FALSE,FALSE,70,7,"2022-2023"
2023-03-12,1,1107,2023,FALSE,FALSE,71,1,"2022-2023"
2023-03-13,1,1108,2023,FALSE,FALSE,72,2,"2022-2023"
2023-03-14,1,1109,2023,FALSE,FALSE,73,3,"2022-2023"
2023-03-15,1,1110,2023,FALSE,FALSE,74,4,"2022-2023"
2023-03-16,1,1111,2023,FALSE,FALSE,75,5,"2022-2023"
2023-03-17,1,1112,2023,FALSE,FALSE,76,6,"2022-2023"
2023-03-18,1,1113,2023,FALSE,FALSE,77,7,"2022-2023"
2023-03-19,1,1114,2023,FALSE,FALSE,78,1,"2022-2023"
2023-03-20,1,1115,2023,FALSE,FALSE,79,2,"2022-2023"
2023-03-21,1,1116,2023,FALSE,FALSE,80,3,"2022-2023"
2023-03-22,1,1117,2023,FALSE,FALSE,81,4,"2022-2023"
2023-03-23,1,1118,2023,FALSE,FALSE,82,5,"2022-2023"
2023-03-24,1,1119,2023,FALSE,FALSE,83,6,"2022-2023"
2023-03-25,1,1120,2023,FALSE,FALSE,84,7,"2022-2023"
2023-03-26,1,1121,2023,FALSE,FALSE,85,1,"2022-2023"
2023-03-27,1,1122,2023,FALSE,FALSE,86,2,"2022-2023"
2023-03-28,1,1123,2023,FALSE,FALSE,87,3,"2022-2023"
2023-03-29,1,1124,2023,FALSE,FALSE,88,4,"2022-2023"
2023-03-30,1,1125,2023,FALSE,FALSE,89,5,"2022-2023"
2023-03-31,1,1126,2023,FALSE,FALSE,90,6,"2022-2023"
2023-04-01,1,1127,2023,FALSE,FALSE,91,7,"2022-2023"
2023-04-02,1,1128,2023,FALSE,FALSE,92,1,"2022-2023"
2023-04-03,1,1129,2023,FALSE,FALSE,93,2,"2022-2023"
2023-04-04,1,1130,2023,FALSE,FALSE,94,3,"2022-2023"
2023-04-05,1,1131,2023,FALSE,FALSE,95,4,"2022-2023"
2023-04-06,1,1132,2023,FALSE,FALSE,96,5,"2022-2023"
2023-04-07,1,1133,2023,FALSE,FALSE,97,6,"2022-2023"
2023-04-08,1,1134,2023,FALSE,FALSE,98,7,"2022-2023"
2023-04-09,1,1135,2023,FALSE,FALSE,99,1,"2022-2023"
2023-04-10,1,1136,2023,FALSE,FALSE,100,2,"2022-2023"
2023-04-11,1,1137,2023,FALSE,FALSE,101,3,"2022-2023"
2023-04-12,1,1138,2023,FALSE,FALSE,102,4,"2022-2023"
2023-04-13,1,1139,2023,FALSE,FALSE,103,5,"2022-2023"
2023-04-14,1,1140,2023,FALSE,FALSE,104,6,"2022-2023"
2023-04-15,1,1141,2023,FALSE,FALSE,105,7,"2022-2023"
2023-04-16,1,1142,2023,FALSE,FALSE,106,1,"2022-2023"
2023-04-17,1,1143,2023,FALSE,FALSE,107,2,"2022-2023"
2023-04-18,1,1144,2023,FALSE,FALSE,108,3,"2022-2023"
2023-04-19,1,1145,2023,FALSE,FALSE,109,4,"2022-2023"
2023-04-20,1,1146,2023,FALSE,FALSE,110,5,"2022-2023"
2023-04-21,1,1147,2023,FALSE,FALSE,111,6,"2022-2023"
2023-04-22,1,1148,2023,FALSE,FALSE,112,7,"2022-2023"
2023-04-23,1,1149,2023,FALSE,FALSE,113,1,"2022-2023"
2023-04-24,1,1150,2023,FALSE,FALSE,114,2,"2022-2023"
2023-04-25,1,1151,2023,FALSE,FALSE,115,3,"2022-2023"
2023-04-26,1,1152,2023,FALSE,FALSE,116,4,"2022-2023"
2023-04-27,1,1153,2023,FALSE,FALSE,117,5,"2022-2023"
2023-04-28,1,1154,2023,FALSE,FALSE,118,6,"2022-2023"
2023-04-29,1,1155,2023,FALSE,FALSE,119,7,"2022-2023"
2023-04-30,1,1156,2023,FALSE,FALSE,120,1,"2022-2023"
2023-05-01,1,1157,2023,FALSE,FALSE,121,2,"2022-2023"
2023-05-02,1,1158,2023,FALSE,FALSE,122,3,"2022-2023"
2023-05-03,1,1159,2023,FALSE,FALSE,123,4,"2022-2023"
2023-05-04,1,1160,2023,FALSE,FALSE,124,5,"2022-2023"
2023-05-05,1,1161,2023,FALSE,FALSE,125,6,"2022-2023"
2023-05-06,1,1162,2023,FALSE,FALSE,126,7,"2022-2023"
2023-05-07,1,1163,2023,FALSE,FALSE,127,1,"2022-2023"
2023-05-08,1,1164,2023,FALSE,FALSE,128,2,"2022-2023"
2023-05-09,1,1165,2023,FALSE,FALSE,129,3,"2022-2023"
2023-05-10,1,1166,2023,FALSE,FALSE,130,4,"2022-2023"
2023-05-11,1,1167,2023,FALSE,FALSE,131,5,"2022-2023"
2023-05-12,1,1168,2023,FALSE,FALSE,132,6,"2022-2023"
2023-05-13,1,1169,2023,FALSE,FALSE,133,7,"2022-2023"
2023-05-14,1,1170,2023,FALSE,FALSE,134,1,"2022-2023"
2023-05-15,1,1171,2023,FALSE,FALSE,135,2,"2022-2023"
2023-05-16,1,1172,2023,FALSE,FALSE,136,3,"2022-2023"
2023-05-17,1,1173,2023,FALSE,FALSE,137,4,"2022-2023"
2023-05-18,1,1174,2023,FALSE,FALSE,138,5,"2022-2023"
2023-05-19,1,1175,2023,FALSE,FALSE,139,6,"2022-2023"
2023-05-20,1,1176,2023,FALSE,FALSE,140,7,"2022-2023"
2023-05-21,1,1177,2023,FALSE,FALSE,141,1,"2022-2023"
2023-05-22,1,1178,2023,FALSE,FALSE,142,2,"2022-2023"
2023-05-23,1,1179,2023,FALSE,FALSE,143,3,"2022-2023"
2023-05-24,1,1180,2023,FALSE,FALSE,144,4,"2022-2023"
2023-05-25,1,1181,2023,FALSE,FALSE,145,5,"2022-2023"
2023-05-26,1,1182,2023,FALSE,FALSE,146,6,"2022-2023"
2023-05-27,1,1183,2023,FALSE,FALSE,147,7,"2022-2023"
2023-05-28,1,1184,2023,FALSE,FALSE,148,1,"2022-2023"
2023-05-29,1,1185,2023,FALSE,FALSE,149,2,"2022-2023"
2023-05-30,1,1186,2023,FALSE,FALSE,150,3,"2022-2023"
2023-05-31,1,1187,2023,FALSE,FALSE,151,4,"2022-2023"
2023-06-01,1,1188,2023,FALSE,FALSE,152,5,"2022-2023"
2023-06-02,1,1189,2023,FALSE,FALSE,153,6,"2022-2023"
2023-06-03,1,1190,2023,FALSE,FALSE,154,7,"2022-2023"
2023-06-04,1,1191,2023,FALSE,FALSE,155,1,"2022-2023"
2023-06-05,1,1192,2023,FALSE,FALSE,156,2,"2022-2023"
2023-06-06,1,1193,2023,FALSE,FALSE,157,3,"2022-2023"
2023-06-07,1,1194,2023,FALSE,FALSE,158,4,"2022-2023"
2023-06-08,1,1195,2023,FALSE,FALSE,159,5,"2022-2023"
2023-06-09,1,1196,2023,FALSE,FALSE,160,6,"2022-2023"
2023-06-10,1,1197,2023,FALSE,FALSE,161,7,"2022-2023"
2023-06-11,1,1198,2023,FALSE,FALSE,162,1,"2022-2023"
2023-06-12,1,1199,2023,FALSE,FALSE,163,2,"2022-2023"
2023-06-13,1,1200,2023,FALSE,FALSE,164,3,"2022-2023"
2023-06-14,1,1201,2023,FALSE,FALSE,165,4,"2022-2023"
2023-06-15,1,1202,2023,FALSE,FALSE,166,5,"2022-2023"
2023-06-16,1,1203,2023,FALSE,FALSE,167,6,"2022-2023"
2023-06-17,1,1204,2023,FALSE,FALSE,168,7,"2022-2023"
2023-06-18,1,1205,2023,FALSE,FALSE,169,1,"2022-2023"
2023-06-19,1,1206,2023,FALSE,FALSE,170,2,"2022-2023"
2023-06-20,1,1207,2023,FALSE,FALSE,171,3,"2022-2023"
2023-06-21,1,1208,2023,FALSE,FALSE,172,4,"2022-2023"
2023-06-22,1,1209,2023,FALSE,FALSE,173,5,"2022-2023"
2023-06-23,1,1210,2023,FALSE,FALSE,174,6,"2022-2023"
2023-06-24,1,1211,2023,FALSE,FALSE,175,7,"2022-2023"
2023-06-25,1,1212,2023,FALSE,FALSE,176,1,"2022-2023"
2023-06-26,1,1213,2023,FALSE,FALSE,177,2,"2022-2023"
2023-06-27,1,1214,2023,FALSE,FALSE,178,3,"2022-2023"
2023-06-28,1,1215,2023,FALSE,FALSE,179,4,"2022-2023"
2023-06-29,1,1216,2023,FALSE,FALSE,180,5,"2022-2023"
2023-06-30,1,1217,2023,FALSE,TRUE,181,6,"2022-2023"
2023-07-01,1,1218,2023,FALSE,FALSE,182,7,"2023-2024"
2023-07-02,1,1219,2023,FALSE,FALSE,183,1,"2023-2024"
2023-07-03,1,1220,2023,FALSE,FALSE,184,2,"2023-2024"
2023-07-04,1,1221,2023,FALSE,FALSE,185,3,"2023-2024"
2023-07-05,1,1222,2023,FALSE,FALSE,186,4,"2023-2024"
2023-07-06,1,1223,2023,FALSE,FALSE,187,5,"2023-2024"
2023-07-07,1,1224,2023,FALSE,FALSE,188,6,"2023-2024"
2023-07-08,1,1225,2023,FALSE,FALSE,189,7,"2023-2024"
2023-07-09,1,1226,2023,FALSE,FALSE,190,1,"2023-2024"
2023-07-10,1,1227,2023,FALSE,FALSE,191,2,"2023-2024"
2023-07-11,1,1228,2023,FALSE,FALSE,192,3,"2023-2024"
2023-07-12,1,1229,2023,FALSE,FALSE,193,4,"2023-2024"
2023-07-13,1,1230,2023,FALSE,FALSE,194,5,"2023-2024"
2023-07-14,1,1231,2023,FALSE,FALSE,195,6,"2023-2024"
2023-07-15,1,1232,2023,FALSE,FALSE,196,7,"2023-2024"
2023-07-16,1,1233,2023,FALSE,FALSE,197,1,"2023-2024"
2023-07-17,1,1234,2023,FALSE,FALSE,198,2,"2023-2024"
2023-07-18,1,1235,2023,FALSE,FALSE,199,3,"2023-2024"
2023-07-19,1,1236,2023,FALSE,FALSE,200,4,"2023-2024"
2023-07-20,1,1237,2023,FALSE,FALSE,201,5,"2023-2024"
2023-07-21,1,1238,2023,FALSE,FALSE,202,6,"2023-2024"
2023-07-22,1,1239,2023,FALSE,FALSE,203,7,"2023-2024"
2023-07-23,1,1240,2023,FALSE,FALSE,204,1,"2023-2024"
2023-07-24,1,1241,2023,FALSE,FALSE,205,2,"2023-2024"
2023-07-25,1,1242,2023,FALSE,FALSE,206,3,"2023-2024"
2023-07-26,1,1243,2023,FALSE,FALSE,207,4,"2023-2024"
2023-07-27,1,1244,2023,FALSE,FALSE,208,5,"2023-2024"
2023-07-28,1,1245,2023,FALSE,FALSE,209,6,"2023-2024"
2023-07-29,1,1246,2023,FALSE,FALSE,210,7,"2023-2024"
2023-07-30,1,1247,2023,FALSE,FALSE,211,1,"2023-2024"
2023-07-31,1,1248,2023,FALSE,FALSE,212,2,"2023-2024"
2023-08-01,1,1249,2023,FALSE,FALSE,213,3,"2023-2024"
2023-08-02,1,1250,2023,FALSE,FALSE,214,4,"2023-2024"
2023-08-03,1,1251,2023,FALSE,FALSE,215,5,"2023-2024"
2023-08-04,1,1252,2023,FALSE,FALSE,216,6,"2023-2024"
2023-08-05,1,1253,2023,FALSE,FALSE,217,7,"2023-2024"
2023-08-06,1,1254,2023,FALSE,FALSE,218,1,"2023-2024"
2023-08-07,1,1255,2023,FALSE,FALSE,219,2,"2023-2024"
2023-08-08,1,1256,2023,FALSE,FALSE,220,3,"2023-2024"
2023-08-09,1,1257,2023,FALSE,FALSE,221,4,"2023-2024"
2023-08-10,1,1258,2023,FALSE,FALSE,222,5,"2023-2024"
2023-08-11,1,1259,2023,FALSE,FALSE,223,6,"2023-2024"
2023-08-12,1,1260,2023,FALSE,FALSE,224,7,"2023-2024"
2023-08-13,1,1261,2023,FALSE,FALSE,225,1,"2023-2024"
2023-08-14,1,1262,2023,FALSE,FALSE,226,2,"2023-2024"
2023-08-15,1,1263,2023,FALSE,FALSE,227,3,"2023-2024"
2023-08-16,1,1264,2023,FALSE,FALSE,228,4,"2023-2024"
2023-08-17,1,1265,2023,FALSE,FALSE,229,5,"2023-2024"
2023-08-18,1,1266,2023,FALSE,FALSE,230,6,"2023-2024"
2023-08-19,1,1267,2023,FALSE,FALSE,231,7,"2023-2024"
2023-08-20,1,1268,2023,FALSE,FALSE,232,1,"2023-2024"
2023-08-21,1,1269,2023,FALSE,FALSE,233,2,"2023-2024"
2023-08-22,1,1270,2023,FALSE,FALSE,234,3,"2023-2024"
2023-08-23,1,1271,2023,FALSE,FALSE,235,4,"2023-2024"
2023-08-24,1,1272,2023,FALSE,FALSE,236,5,"2023-2024"
2023-08-25,1,1273,2023,FALSE,FALSE,237,6,"2023-2024"
2023-08-26,1,1274,2023,FALSE,FALSE,238,7,"2023-2024"
2023-08-27,1,1275,2023,FALSE,FALSE,239,1,"2023-2024"
2023-08-28,1,1276,2023,FALSE,FALSE,240,2,"2023-2024"
2023-08-29,1,1277,2023,FALSE,FALSE,241,3,"2023-2024"
2023-08-30,1,1278,2023,FALSE,FALSE,242,4,"2023-2024"
2023-08-31,1,1279,2023,FALSE,FALSE,243,5,"2023-2024"
2023-09-01,1,1280,2023,FALSE,FALSE,244,6,"2023-2024"
2023-09-02,1,1281,2023,FALSE,FALSE,245,7,"2023-2024"
2023-09-03,1,1282,2023,FALSE,FALSE,246,1,"2023-2024"
2023-09-04,1,1283,2023,FALSE,FALSE,247,2,"2023-2024"
2023-09-05,1,1284,2023,FALSE,FALSE,248,3,"2023-2024"
2023-09-06,1,1285,2023,FALSE,FALSE,249,4,"2023-2024"
2023-09-07,1,1286,2023,FALSE,FALSE,250,5,"2023-2024"
2023-09-08,1,1287,2023,FALSE,FALSE,251,6,"2023-2024"
2023-09-09,1,1288,2023,FALSE,FALSE,252,7,"2023-2024"
2023-09-10,1,1289,2023,FALSE,FALSE,253,1,"2023-2024"
2023-09-11,1,1290,2023,FALSE,FALSE,254,2,"2023-2024"
2023-09-12,1,1291,2023,FALSE,FALSE,255,3,"2023-2024"
2023-09-13,1,1292,2023,FALSE,FALSE,256,4,"2023-2024"
2023-09-14,1,1293,2023,FALSE,FALSE,257,5,"2023-2024"
2023-09-15,1,1294,2023,FALSE,FALSE,258,6,"2023-2024"
2023-09-16,1,1295,2023,FALSE,FALSE,259,7,"2023-2024"
2023-09-17,1,1296,2023,FALSE,FALSE,260,1,"2023-2024"
2023-09-18,1,1297,2023,FALSE,FALSE,261,2,"2023-2024"
2023-09-19,1,1298,2023,FALSE,FALSE,262,3,"2023-2024"
2023-09-20,1,1299,2023,FALSE,FALSE,263,4,"2023-2024"
2023-09-21,1,1300,2023,FALSE,FALSE,264,5,"2023-2024"
2023-09-22,1,1301,2023,FALSE,FALSE,265,6,"2023-2024"
2023-09-23,1,1302,2023,FALSE,FALSE,266,7,"2023-2024"
2023-09-24,1,1303,2023,FALSE,FALSE,267,1,"2023-2024"
2023-09-25,1,1304,2023,FALSE,FALSE,268,2,"2023-2024"
2023-09-26,1,1305,2023,FALSE,FALSE,269,3,"2023-2024"
2023-09-27,1,1306,2023,FALSE,FALSE,270,4,"2023-2024"
2023-09-28,1,1307,2023,FALSE,FALSE,271,5,"2023-2024"
2023-09-29,1,1308,2023,FALSE,FALSE,272,6,"2023-2024"
2023-09-30,1,1309,2023,FALSE,FALSE,273,7,"2023-2024"
2023-10-01,1,1310,2023,FALSE,FALSE,274,1,"2023-2024"
2023-10-02,1,1311,2023,FALSE,FALSE,275,2,"2023-2024"
2023-10-03,1,1312,2023,FALSE,FALSE,276,3,"2023-2024"
2023-10-04,1,1313,2023,FALSE,FALSE,277,4,"2023-2024"
2023-10-05,1,1314,2023,FALSE,FALSE,278,5,"2023-2024"
2023-10-06,1,1315,2023,FALSE,FALSE,279,6,"2023-2024"
2023-10-07,1,1316,2023,FALSE,FALSE,280,7,"2023-2024"
2023-10-08,1,1317,2023,FALSE,FALSE,281,1,"2023-2024"
2023-10-09,1,1318,2023,FALSE,FALSE,282,2,"2023-2024"
2023-10-10,1,1319,2023,FALSE,FALSE,283,3,"2023-2024"
2023-10-11,1,1320,2023,FALSE,FALSE,284,4,"2023-2024"
2023-10-12,1,1321,2023,FALSE,FALSE,285,5,"2023-2024"
2023-10-13,1,1322,2023,FALSE,FALSE,286,6,"2023-2024"
2023-10-14,1,1323,2023,FALSE,FALSE,287,7,"2023-2024"
2023-10-15,1,1324,2023,FALSE,FALSE,288,1,"2023-2024"
2023-10-16,1,1325,2023,FALSE,FALSE,289,2,"2023-2024"
2023-10-17,1,1326,2023,FALSE,FALSE,290,3,"2023-2024"
2023-10-18,1,1327,2023,FALSE,FALSE,291,4,"2023-2024"
2023-10-19,1,1328,2023,FALSE,FALSE,292,5,"2023-2024"
2023-10-20,1,1329,2023,FALSE,FALSE,293,6,"2023-2024"
2023-10-21,1,1330,2023,FALSE,FALSE,294,7,"2023-2024"
2023-10-22,1,1331,2023,FALSE,FALSE,295,1,"2023-2024"
2023-10-23,1,1332,2023,FALSE,FALSE,296,2,"2023-2024"
2023-10-24,1,1333,2023,FALSE,FALSE,297,3,"2023-2024"
2023-10-25,1,1334,2023,FALSE,FALSE,298,4,"2023-2024"
2023-10-26,1,1335,2023,FALSE,FALSE,299,5,"2023-2024"
2023-10-27,1,1336,2023,FALSE,FALSE,300,6,"2023-2024"
2023-10-28,1,1337,2023,FALSE,FALSE,301,7,"2023-2024"
2023-10-29,1,1338,2023,FALSE,FALSE,302,1,"2023-2024"
2023-10-30,1,1339,2023,FALSE,FALSE,303,2,"2023-2024"
2023-10-31,1,1340,2023,FALSE,FALSE,304,3,"2023-2024"
2023-11-01,1,1341,2023,FALSE,FALSE,305,4,"2023-2024"
2023-11-02,1,1342,2023,FALSE,FALSE,306,5,"2023-2024"
2023-11-03,1,1343,2023,FALSE,FALSE,307,6,"2023-2024"
2023-11-04,1,1344,2023,FALSE,FALSE,308,7,"2023-2024"
2023-11-05,1,1345,2023,FALSE,FALSE,309,1,"2023-2024"
2023-11-06,1,1346,2023,FALSE,FALSE,310,2,"2023-2024"
2023-11-07,1,1347,2023,FALSE,FALSE,311,3,"2023-2024"
2023-11-08,1,1348,2023,FALSE,FALSE,312,4,"2023-2024"
2023-11-09,1,1349,2023,FALSE,FALSE,313,5,"2023-2024"
2023-11-10,1,1350,2023,FALSE,FALSE,314,6,"2023-2024"
2023-11-11,1,1351,2023,FALSE,FALSE,315,7,"2023-2024"
2023-11-12,1,1352,2023,FALSE,FALSE,316,1,"2023-2024"
2023-11-13,1,1353,2023,FALSE,FALSE,317,2,"2023-2024"
2023-11-14,1,1354,2023,FALSE,FALSE,318,3,"2023-2024"
2023-11-15,1,1355,2023,FALSE,FALSE,319,4,"2023-2024"
2023-11-16,1,1356,2023,FALSE,FALSE,320,5,"2023-2024"
2023-11-17,1,1357,2023,FALSE,FALSE,321,6,"2023-2024"
2023-11-18,1,1358,2023,FALSE,FALSE,322,7,"2023-2024"
2023-11-19,1,1359,2023,FALSE,FALSE,323,1,"2023-2024"
2023-11-20,1,1360,2023,FALSE,FALSE,324,2,"2023-2024"
2023-11-21,1,1361,2023,FALSE,FALSE,325,3,"2023-2024"
2023-11-22,1,1362,2023,FALSE,FALSE,326,4,"2023-2024"
2023-11-23,1,1363,2023,FALSE,FALSE,327,5,"2023-2024"
2023-11-24,1,1364,2023,FALSE,FALSE,328,6,"2023-2024"
2023-11-25,1,1365,2023,FALSE,FALSE,329,7,"2023-2024"
2023-11-26,1,1366,2023,FALSE,FALSE,330,1,"2023-2024"
2023-11-27,1,1367,2023,FALSE,FALSE,331,2,"2023-2024"
2023-11-28,1,1368,2023,FALSE,FALSE,332,3,"2023-2024"
2023-11-29,1,1369,2023,FALSE,FALSE,333,4,"2023-2024"
2023-11-30,1,1370,2023,FALSE,FALSE,334,5,"2023-2024"
2023-12-01,1,1371,2023,FALSE,FALSE,335,6,"2023-2024"
2023-12-02,1,1372,2023,FALSE,FALSE,336,7,"2023-2024"
2023-12-03,1,1373,2023,FALSE,FALSE,337,1,"2023-2024"
2023-12-04,1,1374,2023,FALSE,FALSE,338,2,"2023-2024"
2023-12-05,1,1375,2023,FALSE,FALSE,339,3,"2023-2024"
2023-12-06,1,1376,2023,FALSE,FALSE,340,4,"2023-2024"
2023-12-07,1,1377,2023,FALSE,FALSE,341,5,"2023-2024"
2023-12-08,1,1378,2023,FALSE,FALSE,342,6,"2023-2024"
2023-12-09,1,1379,2023,FALSE,FALSE,343,7,"2023-2024"
2023-12-10,1,1380,2023,FALSE,FALSE,344,1,"2023-2024"
2023-12-11,1,1381,2023,FALSE,FALSE,345,2,"2023-2024"
2023-12-12,1,1382,2023,FALSE,FALSE,346,3,"2023-2024"
2023-12-13,1,1383,2023,FALSE,FALSE,347,4,"2023-2024"
2023-12-14,1,1384,2023,FALSE,FALSE,348,5,"2023-2024"
2023-12-15,1,1385,2023,FALSE,FALSE,349,6,"2023-2024"
2023-12-16,1,1386,2023,FALSE,FALSE,350,7,"2023-2024"
2023-12-17,1,1387,2023,FALSE,FALSE,351,1,"2023-2024"
2023-12-18,1,1388,2023,FALSE,FALSE,352,2,"2023-2024"
2023-12-19,1,1389,2023,FALSE,FALSE,353,3,"2023-2024"
2023-12-20,1,1390,2023,FALSE,FALSE,354,4,"2023-2024"
2023-12-21,1,1391,2023,FALSE,FALSE,355,5,"2023-2024"
2023-12-22,1,1392,2023,FALSE,FALSE,356,6,"2023-2024"
2023-12-23,1,1393,2023,FALSE,FALSE,357,7,"2023-2024"
2023-12-24,1,1394,2023,FALSE,FALSE,358,1,"2023-2024"
2023-12-25,1,1395,2023,FALSE,FALSE,359,2,"2023-2024"
2023-12-26,1,1396,2023,FALSE,FALSE,360,3,"2023-2024"
2023-12-27,1,1397,2023,FALSE,FALSE,361,4,"2023-2024"
2023-12-28,1,1398,2023,FALSE,FALSE,362,5,"2023-2024"
2023-12-29,1,1399,2023,FALSE,FALSE,363,6,"2023-2024"
2023-12-30,1,1400,2023,FALSE,FALSE,364,7,"2023-2024"
2023-12-31,1,1401,2023,TRUE,FALSE,365,1,"2023-2024"
2024-01-01,1,1402,2024,FALSE,FALSE,1,2,"2023-2024"
2024-01-02,1,1403,2024,FALSE,FALSE,2,3,"2023-2024"
2024-01-03,1,1404,2024,FALSE,FALSE,3,4,"2023-2024"
2024-01-04,1,1405,2024,FALSE,FALSE,4,5,"2023-2024"
2024-01-05,1,1406,2024,FALSE,FALSE,5,6,"2023-2024"
2024-01-06,1,1407,2024,FALSE,FALSE,6,7,"2023-2024"
2024-01-07,1,1408,2024,FALSE,FALSE,7,1,"2023-2024"
2024-01-08,1,1409,2024,FALSE,FALSE,8,2,"2023-2024"
2024-01-09,1,1410,2024,FALSE,FALSE,9,3,"2023-2024"
2024-01-10,1,1411,2024,FALSE,FALSE,10,4,"2023-2024"
2024-01-11,1,1412,2024,FALSE,FALSE,11,5,"2023-2024"
2024-01-12,1,1413,2024,FALSE,FALSE,12,6,"2023-2024"
2024-01-13,1,1414,2024,FALSE,FALSE,13,7,"2023-2024"
2024-01-14,1,1415,2024,FALSE,FALSE,14,1,"2023-2024"
2024-01-15,1,1416,2024,FALSE,FALSE,15,2,"2023-2024"
2024-01-16,1,1417,2024,FALSE,FALSE,16,3,"2023-2024"
2024-01-17,1,1418,2024,FALSE,FALSE,17,4,"2023-2024"
2024-01-18,1,1419,2024,FALSE,FALSE,18,5,"2023-2024"
2024-01-19,1,1420,2024,FALSE,FALSE,19,6,"2023-2024"
2024-01-20,1,1421,2024,FALSE,FALSE,20,7,"2023-2024"
2024-01-21,1,1422,2024,FALSE,FALSE,21,1,"2023-2024"
2024-01-22,1,1423,2024,FALSE,FALSE,22,2,"2023-2024"
2024-01-23,1,1424,2024,FALSE,FALSE,23,3,"2023-2024"
2024-01-24,1,1425,2024,FALSE,FALSE,24,4,"2023-2024"
2024-01-25,1,1426,2024,FALSE,FALSE,25,5,"2023-2024"
2024-01-26,1,1427,2024,FALSE,FALSE,26,6,"2023-2024"
2024-01-27,1,1428,2024,FALSE,FALSE,27,7,"2023-2024"
2024-01-28,1,1429,2024,FALSE,FALSE,28,1,"2023-2024"
2024-01-29,1,1430,2024,FALSE,FALSE,29,2,"2023-2024"
2024-01-30,1,1431,2024,FALSE,FALSE,30,3,"2023-2024"
2024-01-31,1,1432,2024,FALSE,FALSE,31,4,"2023-2024"
2024-02-01,1,1433,2024,FALSE,FALSE,32,5,"2023-2024"
2024-02-02,1,1434,2024,FALSE,FALSE,33,6,"2023-2024"
2024-02-03,1,1435,2024,FALSE,FALSE,34,7,"2023-2024"
2024-02-04,1,1436,2024,FALSE,FALSE,35,1,"2023-2024"
2024-02-05,1,1437,2024,FALSE,FALSE,36,2,"2023-2024"
2024-02-06,1,1438,2024,FALSE,FALSE,37,3,"2023-2024"
2024-02-07,1,1439,2024,FALSE,FALSE,38,4,"2023-2024"
2024-02-08,1,1440,2024,FALSE,FALSE,39,5,"2023-2024"
2024-02-09,1,1441,2024,FALSE,FALSE,40,6,"2023-2024"
2024-02-10,1,1442,2024,FALSE,FALSE,41,7,"2023-2024"
2024-02-11,1,1443,2024,FALSE,FALSE,42,1,"2023-2024"
2024-02-12,1,1444,2024,FALSE,FALSE,43,2,"2023-2024"
2024-02-13,1,1445,2024,FALSE,FALSE,44,3,"2023-2024"
2024-02-14,1,1446,2024,FALSE,FALSE,45,4,"2023-2024"
2024-02-15,1,1447,2024,FALSE,FALSE,46,5,"2023-2024"
2024-02-16,1,1448,2024,FALSE,FALSE,47,6,"2023-2024"
2024-02-17,1,1449,2024,FALSE,FALSE,48,7,"2023-2024"
2024-02-18,1,1450,2024,FALSE,FALSE,49,1,"2023-2024"
2024-02-19,1,1451,2024,FALSE,FALSE,50,2,"2023-2024"
2024-02-20,1,1452,2024,FALSE,FALSE,51,3,"2023-2024"
2024-02-21,1,1453,2024,FALSE,FALSE,52,4,"2023-2024"
2024-02-22,1,1454,2024,FALSE,FALSE,53,5,"2023-2024"
2024-02-23,1,1455,2024,FALSE,FALSE,54,6,"2023-2024"
2024-02-24,1,1456,2024,FALSE,FALSE,55,7,"2023-2024"
2024-02-25,1,1457,2024,FALSE,FALSE,56,1,"2023-2024"
2024-02-26,1,1458,2024,FALSE,FALSE,57,2,"2023-2024"
2024-02-27,1,1459,2024,FALSE,FALSE,58,3,"2023-2024"
2024-02-28,1,1460,2024,FALSE,FALSE,59,4,"2023-2024"
2024-02-29,1,1461,2024,FALSE,FALSE,60,5,"2023-2024"
2024-03-01,1,1462,2024,FALSE,FALSE,61,6,"2023-2024"
2024-03-02,1,1463,2024,FALSE,FALSE,62,7,"2023-2024"
2024-03-03,1,1464,2024,FALSE,FALSE,63,1,"2023-2024"
2024-03-04,1,1465,2024,FALSE,FALSE,64,2,"2023-2024"
2024-03-05,1,1466,2024,FALSE,FALSE,65,3,"2023-2024"
2024-03-06,1,1467,2024,FALSE,FALSE,66,4,"2023-2024"
2024-03-07,1,1468,2024,FALSE,FALSE,67,5,"2023-2024"
2024-03-08,1,1469,2024,FALSE,FALSE,68,6,"2023-2024"
2024-03-09,1,1470,2024,FALSE,FALSE,69,7,"2023-2024"
2024-03-10,1,1471,2024,FALSE,FALSE,70,1,"2023-2024"
2024-03-11,1,1472,2024,FALSE,FALSE,71,2,"2023-2024"
2024-03-12,1,1473,2024,FALSE,FALSE,72,3,"2023-2024"
2024-03-13,1,1474,2024,FALSE,FALSE,73,4,"2023-2024"
2024-03-14,1,1475,2024,FALSE,FALSE,74,5,"2023-2024"
2024-03-15,1,1476,2024,FALSE,FALSE,75,6,"2023-2024"
2024-03-16,1,1477,2024,FALSE,FALSE,76,7,"2023-2024"
2024-03-17,1,1478,2024,FALSE,FALSE,77,1,"2023-2024"
2024-03-18,1,1479,2024,FALSE,FALSE,78,2,"2023-2024"
2024-03-19,1,1480,2024,FALSE,FALSE,79,3,"2023-2024"
2024-03-20,1,1481,2024,FALSE,FALSE,80,4,"2023-2024"
2024-03-21,1,1482,2024,FALSE,FALSE,81,5,"2023-2024"
2024-03-22,1,1483,2024,FALSE,FALSE,82,6,"2023-2024"
2024-03-23,1,1484,2024,FALSE,FALSE,83,7,"2023-2024"
2024-03-24,1,1485,2024,FALSE,FALSE,84,1,"2023-2024"
2024-03-25,1,1486,2024,FALSE,FALSE,85,2,"2023-2024"
2024-03-26,1,1487,2024,FALSE,FALSE,86,3,"2023-2024"
2024-03-27,1,1488,2024,FALSE,FALSE,87,4,"2023-2024"
2024-03-28,1,1489,2024,FALSE,FALSE,88,5,"2023-2024"
2024-03-29,1,1490,2024,FALSE,FALSE,89,6,"2023-2024"
2024-03-30,1,1491,2024,FALSE,FALSE,90,7,"2023-2024"
2024-03-31,1,1492,2024,FALSE,FALSE,91,1,"2023-2024"
2024-04-01,1,1493,2024,FALSE,FALSE,92,2,"2023-2024"
2024-04-02,1,1494,2024,FALSE,FALSE,93,3,"2023-2024"
2024-04-03,1,1495,2024,FALSE,FALSE,94,4,"2023-2024"
2024-04-04,1,1496,2024,FALSE,FALSE,95,5,"2023-2024"
2024-04-05,1,1497,2024,FALSE,FALSE,96,6,"2023-2024"
2024-04-06,1,1498,2024,FALSE,FALSE,97,7,"2023-2024"
2024-04-07,1,1499,2024,FALSE,FALSE,98,1,"2023-2024"
2024-04-08,1,1500,2024,FALSE,FALSE,99,2,"2023-2024"
2024-04-09,1,1501,2024,FALSE,FALSE,100,3,"2023-2024"
2024-04-10,1,1502,2024,FALSE,FALSE,101,4,"2023-2024"
2024-04-11,1,1503,2024,FALSE,FALSE,102,5,"2023-2024"
2024-04-12,1,1504,2024,FALSE,FALSE,103,6,"2023-2024"
2024-04-13,1,1505,2024,FALSE,FALSE,104,7,"2023-2024"
2024-04-14,1,1506,2024,FALSE,FALSE,105,1,"2023-2024"
2024-04-15,1,1507,2024,FALSE,FALSE,106,2,"2023-2024"
2024-04-16,1,1508,2024,FALSE,FALSE,107,3,"2023-2024"
2024-04-17,1,1509,2024,FALSE,FALSE,108,4,"2023-2024"
2024-04-18,1,1510,2024,FALSE,FALSE,109,5,"2023-2024"
2024-04-19,1,1511,2024,FALSE,FALSE,110,6,"2023-2024"
2024-04-20,1,1512,2024,FALSE,FALSE,111,7,"2023-2024"
2024-04-21,1,1513,2024,FALSE,FALSE,112,1,"2023-2024"
2024-04-22,1,1514,2024,FALSE,FALSE,113,2,"2023-2024"
2024-04-23,1,1515,2024,FALSE,FALSE,114,3,"2023-2024"
2024-04-24,1,1516,2024,FALSE,FALSE,115,4,"2023-2024"
2024-04-25,1,1517,2024,FALSE,FALSE,116,5,"2023-2024"
2024-04-26,1,1518,2024,FALSE,FALSE,117,6,"2023-2024"
2024-04-27,1,1519,2024,FALSE,FALSE,118,7,"2023-2024"
2024-04-28,1,1520,2024,FALSE,FALSE,119,1,"2023-2024"
2024-04-29,1,1521,2024,FALSE,FALSE,120,2,"2023-2024"
2024-04-30,1,1522,2024,FALSE,FALSE,121,3,"2023-2024"
2024-05-01,1,1523,2024,FALSE,FALSE,122,4,"2023-2024"
2024-05-02,1,1524,2024,FALSE,FALSE,123,5,"2023-2024"
2024-05-03,1,1525,2024,FALSE,FALSE,124,6,"2023-2024"
2024-05-04,1,1526,2024,FALSE,FALSE,125,7,"2023-2024"
2024-05-05,1,1527,2024,FALSE,FALSE,126,1,"2023-2024"
2024-05-06,1,1528,2024,FALSE,FALSE,127,2,"2023-2024"
2024-05-07,1,1529,2024,FALSE,FALSE,128,3,"2023-2024"
2024-05-08,1,1530,2024,FALSE,FALSE,129,4,"2023-2024"
2024-05-09,1,1531,2024,FALSE,FALSE,130,5,"2023-2024"
2024-05-10,1,1532,2024,FALSE,FALSE,131,6,"2023-2024"
2024-05-11,1,1533,2024,FALSE,FALSE,132,7,"2023-2024"
2024-05-12,1,1534,2024,FALSE,FALSE,133,1,"2023-2024"
2024-05-13,1,1535,2024,FALSE,FALSE,134,2,"2023-2024"
2024-05-14,1,1536,2024,FALSE,FALSE,135,3,"2023-2024"
2024-05-15,1,1537,2024,FALSE,FALSE,136,4,"2023-2024"
2024-05-16,1,1538,2024,FALSE,FALSE,137,5,"2023-2024"
2024-05-17,1,1539,2024,FALSE,FALSE,138,6,"2023-2024"
2024-05-18,1,1540,2024,FALSE,FALSE,139,7,"2023-2024"
2024-05-19,1,1541,2024,FALSE,FALSE,140,1,"2023-2024"
2024-05-20,1,1542,2024,FALSE,FALSE,141,2,"2023-2024"
2024-05-21,1,1543,2024,FALSE,FALSE,142,3,"2023-2024"
2024-05-22,1,1544,2024,FALSE,FALSE,143,4,"2023-2024"
2024-05-23,1,1545,2024,FALSE,FALSE,144,5,"2023-2024"
2024-05-24,1,1546,2024,FALSE,FALSE,145,6,"2023-2024"
2024-05-25,1,1547,2024,FALSE,FALSE,146,7,"2023-2024"
2024-05-26,1,1548,2024,FALSE,FALSE,147,1,"2023-2024"
2024-05-27,1,1549,2024,FALSE,FALSE,148,2,"2023-2024"
2024-05-28,1,1550,2024,FALSE,FALSE,149,3,"2023-2024"
2024-05-29,1,1551,2024,FALSE,FALSE,150,4,"2023-2024"
2024-05-30,1,1552,2024,FALSE,FALSE,151,5,"2023-2024"
2024-05-31,1,1553,2024,FALSE,FALSE,152,6,"2023-2024"
2024-06-01,1,1554,2024,FALSE,FALSE,153,7,"2023-2024"
2024-06-02,1,1555,2024,FALSE,FALSE,154,1,"2023-2024"
2024-06-03,1,1556,2024,FALSE,FALSE,155,2,"2023-2024"
2024-06-04,1,1557,2024,FALSE,FALSE,156,3,"2023-2024"
2024-06-05,1,1558,2024,FALSE,FALSE,157,4,"2023-2024"
2024-06-06,1,1559,2024,FALSE,FALSE,158,5,"2023-2024"
2024-06-07,1,1560,2024,FALSE,FALSE,159,6,"2023-2024"
2024-06-08,1,1561,2024,FALSE,FALSE,160,7,"2023-2024"
2024-06-09,1,1562,2024,FALSE,FALSE,161,1,"2023-2024"
2024-06-10,1,1563,2024,FALSE,FALSE,162,2,"2023-2024"
2024-06-11,1,1564,2024,FALSE,FALSE,163,3,"2023-2024"
2024-06-12,1,1565,2024,FALSE,FALSE,164,4,"2023-2024"
2024-06-13,1,1566,2024,FALSE,FALSE,165,5,"2023-2024"
2024-06-14,1,1567,2024,FALSE,FALSE,166,6,"2023-2024"
2024-06-15,1,1568,2024,FALSE,FALSE,167,7,"2023-2024"
2024-06-16,1,1569,2024,FALSE,FALSE,168,1,"2023-2024"
2024-06-17,1,1570,2024,FALSE,FALSE,169,2,"2023-2024"
2024-06-18,1,1571,2024,FALSE,FALSE,170,3,"2023-2024"
2024-06-19,1,1572,2024,FALSE,FALSE,171,4,"2023-2024"
2024-06-20,1,1573,2024,FALSE,FALSE,172,5,"2023-2024"
2024-06-21,1,1574,2024,FALSE,FALSE,173,6,"2023-2024"
2024-06-22,1,1575,2024,FALSE,FALSE,174,7,"2023-2024"
2024-06-23,1,1576,2024,FALSE,FALSE,175,1,"2023-2024"
2024-06-24,1,1577,2024,FALSE,FALSE,176,2,"2023-2024"
2024-06-25,1,1578,2024,FALSE,FALSE,177,3,"2023-2024"
2024-06-26,1,1579,2024,FALSE,FALSE,178,4,"2023-2024"
2024-06-27,1,1580,2024,FALSE,FALSE,179,5,"2023-2024"
2024-06-28,1,1581,2024,FALSE,FALSE,180,6,"2023-2024"
2024-06-29,1,1582,2024,FALSE,FALSE,181,7,"2023-2024"
2024-06-30,1,1583,2024,FALSE,TRUE,182,1,"2023-2024"
2024-07-01,1,1584,2024,FALSE,FALSE,183,2,"2024-2025"
2024-07-02,1,1585,2024,FALSE,FALSE,184,3,"2024-2025"
2024-07-03,1,1586,2024,FALSE,FALSE,185,4,"2024-2025"
2024-07-04,1,1587,2024,FALSE,FALSE,186,5,"2024-2025"
2024-07-05,1,1588,2024,FALSE,FALSE,187,6,"2024-2025"
2024-07-06,1,1589,2024,FALSE,FALSE,188,7,"2024-2025"
2024-07-07,1,1590,2024,FALSE,FALSE,189,1,"2024-2025"
2024-07-08,1,1591,2024,FALSE,FALSE,190,2,"2024-2025"
2024-07-09,1,1592,2024,FALSE,FALSE,191,3,"2024-2025"
2024-07-10,1,1593,2024,FALSE,FALSE,192,4,"2024-2025"
2024-07-11,1,1594,2024,FALSE,FALSE,193,5,"2024-2025"
2024-07-12,1,1595,2024,FALSE,FALSE,194,6,"2024-2025"
2024-07-13,1,1596,2024,FALSE,FALSE,195,7,"2024-2025"
2024-07-14,1,1597,2024,FALSE,FALSE,196,1,"2024-2025"
2024-07-15,1,1598,2024,FALSE,FALSE,197,2,"2024-2025"
2024-07-16,1,1599,2024,FALSE,FALSE,198,3,"2024-2025"
2024-07-17,1,1600,2024,FALSE,FALSE,199,4,"2024-2025"
2024-07-18,1,1601,2024,FALSE,FALSE,200,5,"2024-2025"
2024-07-19,1,1602,2024,FALSE,FALSE,201,6,"2024-2025"
2024-07-20,1,1603,2024,FALSE,FALSE,202,7,"2024-2025"
2024-07-21,1,1604,2024,FALSE,FALSE,203,1,"2024-2025"
2024-07-22,1,1605,2024,FALSE,FALSE,204,2,"2024-2025"
2024-07-23,1,1606,2024,FALSE,FALSE,205,3,"2024-2025"
2024-07-24,1,1607,2024,FALSE,FALSE,206,4,"2024-2025"
2024-07-25,1,1608,2024,FALSE,FALSE,207,5,"2024-2025"
2024-07-26,1,1609,2024,FALSE,FALSE,208,6,"2024-2025"
2024-07-27,1,1610,2024,FALSE,FALSE,209,7,"2024-2025"
2024-07-28,1,1611,2024,FALSE,FALSE,210,1,"2024-2025"
2024-07-29,1,1612,2024,FALSE,FALSE,211,2,"2024-2025"
2024-07-30,1,1613,2024,FALSE,FALSE,212,3,"2024-2025"
2024-07-31,1,1614,2024,FALSE,FALSE,213,4,"2024-2025"
2024-08-01,1,1615,2024,FALSE,FALSE,214,5,"2024-2025"
2024-08-02,1,1616,2024,FALSE,FALSE,215,6,"2024-2025"
2024-08-03,1,1617,2024,FALSE,FALSE,216,7,"2024-2025"
2024-08-04,1,1618,2024,FALSE,FALSE,217,1,"2024-2025"
2024-08-05,1,1619,2024,FALSE,FALSE,218,2,"2024-2025"
2024-08-06,1,1620,2024,FALSE,FALSE,219,3,"2024-2025"
2024-08-07,1,1621,2024,FALSE,FALSE,220,4,"2024-2025"
2024-08-08,1,1622,2024,FALSE,FALSE,221,5,"2024-2025"
2024-08-09,1,1623,2024,FALSE,FALSE,222,6,"2024-2025"
2024-08-10,1,1624,2024,FALSE,FALSE,223,7,"2024-2025"
2024-08-11,1,1625,2024,FALSE,FALSE,224,1,"2024-2025"
2024-08-12,1,1626,2024,FALSE,FALSE,225,2,"2024-2025"
2024-08-13,1,1627,2024,FALSE,FALSE,226,3,"2024-2025"
2024-08-14,1,1628,2024,FALSE,FALSE,227,4,"2024-2025"
2024-08-15,1,1629,2024,FALSE,FALSE,228,5,"2024-2025"
2024-08-16,1,1630,2024,FALSE,FALSE,229,6,"2024-2025"
2024-08-17,1,1631,2024,FALSE,FALSE,230,7,"2024-2025"
2024-08-18,1,1632,2024,FALSE,FALSE,231,1,"2024-2025"
2024-08-19,1,1633,2024,FALSE,FALSE,232,2,"2024-2025"
2024-08-20,1,1634,2024,FALSE,FALSE,233,3,"2024-2025"
2024-08-21,1,1635,2024,FALSE,FALSE,234,4,"2024-2025"
2024-08-22,1,1636,2024,FALSE,FALSE,235,5,"2024-2025"
2024-08-23,1,1637,2024,FALSE,FALSE,236,6,"2024-2025"
2024-08-24,1,1638,2024,FALSE,FALSE,237,7,"2024-2025"
2024-08-25,1,1639,2024,FALSE,FALSE,238,1,"2024-2025"
2024-08-26,1,1640,2024,FALSE,FALSE,239,2,"2024-2025"
2024-08-27,1,1641,2024,FALSE,FALSE,240,3,"2024-2025"
2024-08-28,1,1642,2024,FALSE,FALSE,241,4,"2024-2025"
2024-08-29,1,1643,2024,FALSE,FALSE,242,5,"2024-2025"
2024-08-30,1,1644,2024,FALSE,FALSE,243,6,"2024-2025"
2024-08-31,1,1645,2024,FALSE,FALSE,244,7,"2024-2025"
2024-09-01,1,1646,2024,FALSE,FALSE,245,1,"2024-2025"
2024-09-02,1,1647,2024,FALSE,FALSE,246,2,"2024-2025"
2024-09-03,1,1648,2024,FALSE,FALSE,247,3,"2024-2025"
2024-09-04,1,1649,2024,FALSE,FALSE,248,4,"2024-2025"
2024-09-05,1,1650,2024,FALSE,FALSE,249,5,"2024-2025"
2024-09-06,1,1651,2024,FALSE,FALSE,250,6,"2024-2025"
2024-09-07,1,1652,2024,FALSE,FALSE,251,7,"2024-2025"
2024-09-08,1,1653,2024,FALSE,FALSE,252,1,"2024-2025"
2024-09-09,1,1654,2024,FALSE,FALSE,253,2,"2024-2025"
2024-09-10,1,1655,2024,FALSE,FALSE,254,3,"2024-2025"
2024-09-11,1,1656,2024,FALSE,FALSE,255,4,"2024-2025"
2024-09-12,1,1657,2024,FALSE,FALSE,256,5,"2024-2025"
2024-09-13,1,1658,2024,FALSE,FALSE,257,6,"2024-2025"
2024-09-14,1,1659,2024,FALSE,FALSE,258,7,"2024-2025"
2024-09-15,1,1660,2024,FALSE,FALSE,259,1,"2024-2025"
2024-09-16,1,1661,2024,FALSE,FALSE,260,2,"2024-2025"
2024-09-17,1,1662,2024,FALSE,FALSE,261,3,"2024-2025"
2024-09-18,1,1663,2024,FALSE,FALSE,262,4,"2024-2025"
2024-09-19,1,1664,2024,FALSE,FALSE,263,5,"2024-2025"
2024-09-20,1,1665,2024,FALSE,FALSE,264,6,"2024-2025"
2024-09-21,1,1666,2024,FALSE,FALSE,265,7,"2024-2025"
2024-09-22,1,1667,2024,FALSE,FALSE,266,1,"2024-2025"
2024-09-23,1,1668,2024,FALSE,FALSE,267,2,"2024-2025"
2024-09-24,1,1669,2024,FALSE,FALSE,268,3,"2024-2025"
2024-09-25,1,1670,2024,FALSE,FALSE,269,4,"2024-2025"
2024-09-26,1,1671,2024,FALSE,FALSE,270,5,"2024-2025"
2024-09-27,1,1672,2024,FALSE,FALSE,271,6,"2024-2025"
2024-09-28,1,1673,2024,FALSE,FALSE,272,7,"2024-2025"
2024-09-29,1,1674,2024,FALSE,FALSE,273,1,"2024-2025"
2024-09-30,1,1675,2024,FALSE,FALSE,274,2,"2024-2025"
2024-10-01,1,1676,2024,FALSE,FALSE,275,3,"2024-2025"
2024-10-02,1,1677,2024,FALSE,FALSE,276,4,"2024-2025"
2024-10-03,1,1678,2024,FALSE,FALSE,277,5,"2024-2025"
2024-10-04,1,1679,2024,FALSE,FALSE,278,6,"2024-2025"
2024-10-05,1,1680,2024,FALSE,FALSE,279,7,"2024-2025"
2024-10-06,1,1681,2024,FALSE,FALSE,280,1,"2024-2025"
2024-10-07,1,1682,2024,FALSE,FALSE,281,2,"2024-2025"
2024-10-08,1,1683,2024,FALSE,FALSE,282,3,"2024-2025"
2024-10-09,1,1684,2024,FALSE,FALSE,283,4,"2024-2025"
2024-10-10,1,1685,2024,FALSE,FALSE,284,5,"2024-2025"
2024-10-11,1,1686,2024,FALSE,FALSE,285,6,"2024-2025"
2024-10-12,1,1687,2024,FALSE,FALSE,286,7,"2024-2025"
2024-10-13,1,1688,2024,FALSE,FALSE,287,1,"2024-2025"
2024-10-14,1,1689,2024,FALSE,FALSE,288,2,"2024-2025"
2024-10-15,1,1690,2024,FALSE,FALSE,289,3,"2024-2025"
2024-10-16,1,1691,2024,FALSE,FALSE,290,4,"2024-2025"
2024-10-17,1,1692,2024,FALSE,FALSE,291,5,"2024-2025"
2024-10-18,1,1693,2024,FALSE,FALSE,292,6,"2024-2025"
2024-10-19,1,1694,2024,FALSE,FALSE,293,7,"2024-2025"
2024-10-20,1,1695,2024,FALSE,FALSE,294,1,"2024-2025"
2024-10-21,1,1696,2024,FALSE,FALSE,295,2,"2024-2025"
2024-10-22,1,1697,2024,FALSE,FALSE,296,3,"2024-2025"
2024-10-23,1,1698,2024,FALSE,FALSE,297,4,"2024-2025"
2024-10-24,1,1699,2024,FALSE,FALSE,298,5,"2024-2025"
2024-10-25,1,1700,2024,FALSE,FALSE,299,6,"2024-2025"
2024-10-26,1,1701,2024,FALSE,FALSE,300,7,"2024-2025"
2024-10-27,1,1702,2024,FALSE,FALSE,301,1,"2024-2025"
2024-10-28,1,1703,2024,FALSE,FALSE,302,2,"2024-2025"
2024-10-29,1,1704,2024,FALSE,FALSE,303,3,"2024-2025"
2024-10-30,1,1705,2024,FALSE,FALSE,304,4,"2024-2025"
2024-10-31,1,1706,2024,FALSE,FALSE,305,5,"2024-2025"
2024-11-01,1,1707,2024,FALSE,FALSE,306,6,"2024-2025"
2024-11-02,1,1708,2024,FALSE,FALSE,307,7,"2024-2025"
2024-11-03,1,1709,2024,FALSE,FALSE,308,1,"2024-2025"
2024-11-04,1,1710,2024,FALSE,FALSE,309,2,"2024-2025"
2024-11-05,1,1711,2024,FALSE,FALSE,310,3,"2024-2025"
2024-11-06,1,1712,2024,FALSE,FALSE,311,4,"2024-2025"
2024-11-07,1,1713,2024,FALSE,FALSE,312,5,"2024-2025"
2024-11-08,1,1714,2024,FALSE,FALSE,313,6,"2024-2025"
2024-11-09,1,1715,2024,FALSE,FALSE,314,7,"2024-2025"
2024-11-10,1,1716,2024,FALSE,FALSE,315,1,"2024-2025"
2024-11-11,1,1717,2024,FALSE,FALSE,316,2,"2024-2025"
2024-11-12,1,1718,2024,FALSE,FALSE,317,3,"2024-2025"
2024-11-13,1,1719,2024,FALSE,FALSE,318,4,"2024-2025"
2024-11-14,1,1720,2024,FALSE,FALSE,319,5,"2024-2025"
2024-11-15,1,1721,2024,FALSE,FALSE,320,6,"2024-2025"
2024-11-16,1,1722,2024,FALSE,FALSE,321,7,"2024-2025"
2024-11-17,1,1723,2024,FALSE,FALSE,322,1,"2024-2025"
2024-11-18,1,1724,2024,FALSE,FALSE,323,2,"2024-2025"
2024-11-19,1,1725,2024,FALSE,FALSE,324,3,"2024-2025"
2024-11-20,1,1726,2024,FALSE,FALSE,325,4,"2024-2025"
2024-11-21,1,1727,2024,FALSE,FALSE,326,5,"2024-2025"
2024-11-22,1,1728,2024,FALSE,FALSE,327,6,"2024-2025"
2024-11-23,1,1729,2024,FALSE,FALSE,328,7,"2024-2025"
2024-11-24,1,1730,2024,FALSE,FALSE,329,1,"2024-2025"
2024-11-25,1,1731,2024,FALSE,FALSE,330,2,"2024-2025"
2024-11-26,1,1732,2024,FALSE,FALSE,331,3,"2024-2025"
2024-11-27,1,1733,2024,FALSE,FALSE,332,4,"2024-2025"
2024-11-28,1,1734,2024,FALSE,FALSE,333,5,"2024-2025"
2024-11-29,1,1735,2024,FALSE,FALSE,334,6,"2024-2025"
2024-11-30,1,1736,2024,FALSE,FALSE,335,7,"2024-2025"
2024-12-01,1,1737,2024,FALSE,FALSE,336,1,"2024-2025"
2024-12-02,1,1738,2024,FALSE,FALSE,337,2,"2024-2025"
2024-12-03,1,1739,2024,FALSE,FALSE,338,3,"2024-2025"
2024-12-04,1,1740,2024,FALSE,FALSE,339,4,"2024-2025"
2024-12-05,1,1741,2024,FALSE,FALSE,340,5,"2024-2025"
2024-12-06,1,1742,2024,FALSE,FALSE,341,6,"2024-2025"
2024-12-07,1,1743,2024,FALSE,FALSE,342,7,"2024-2025"
2024-12-08,1,1744,2024,FALSE,FALSE,343,1,"2024-2025"
2024-12-09,1,1745,2024,FALSE,FALSE,344,2,"2024-2025"
2024-12-10,1,1746,2024,FALSE,FALSE,345,3,"2024-2025"
2024-12-11,1,1747,2024,FALSE,FALSE,346,4,"2024-2025"
2024-12-12,1,1748,2024,FALSE,FALSE,347,5,"2024-2025"
2024-12-13,1,1749,2024,FALSE,FALSE,348,6,"2024-2025"
2024-12-14,1,1750,2024,FALSE,FALSE,349,7,"2024-2025"
2024-12-15,1,1751,2024,FALSE,FALSE,350,1,"2024-2025"
2024-12-16,1,1752,2024,FALSE,FALSE,351,2,"2024-2025"
2024-12-17,1,1753,2024,FALSE,FALSE,352,3,"2024-2025"
2024-12-18,1,1754,2024,FALSE,FALSE,353,4,"2024-2025"
2024-12-19,1,1755,2024,FALSE,FALSE,354,5,"2024-2025"
2024-12-20,1,1756,2024,FALSE,FALSE,355,6,"2024-2025"
2024-12-21,1,1757,2024,FALSE,FALSE,356,7,"2024-2025"
2024-12-22,1,1758,2024,FALSE,FALSE,357,1,"2024-2025"
2024-12-23,1,1759,2024,FALSE,FALSE,358,2,"2024-2025"
2024-12-24,1,1760,2024,FALSE,FALSE,359,3,"2024-2025"
2024-12-25,1,1761,2024,FALSE,FALSE,360,4,"2024-2025"
2024-12-26,1,1762,2024,FALSE,FALSE,361,5,"2024-2025"
2024-12-27,1,1763,2024,FALSE,FALSE,362,6,"2024-2025"
2024-12-28,1,1764,2024,FALSE,FALSE,363,7,"2024-2025"
2024-12-29,1,1765,2024,FALSE,FALSE,364,1,"2024-2025"
2024-12-30,1,1766,2024,FALSE,FALSE,365,2,"2024-2025"
2024-12-31,1,1767,2024,TRUE,FALSE,366,3,"2024-2025"
